id,dataset,datatype,rep_num
EMGT00050000000002,Drosophila,NT,40
EMGT00050000000018,Drosophila,AA,13
EMGT00050000000018,Drosophila,NT,6
EMGT00050000000026,Drosophila,AA,17
EMGT00050000000031,Drosophila,NT,2
EMGT00050000000040,Drosophila,AA,2
EMGT00050000000040,Drosophila,NT,33
EMGT00050000000052,Drosophila,AA,11
EMGT00050000000053,Drosophila,AA,48
EMGT00050000000054,Drosophila,AA,34
EMGT00050000000054,Drosophila,NT,43
EMGT00050000000058,Drosophila,NT,43
EMGT00050000000059,Drosophila,AA,28
EMGT00050000000059,Drosophila,NT,3
EMGT00050000000076,Drosophila,NT,46
EMGT00050000000079,Drosophila,NT,33
EMGT00050000000081,Drosophila,NT,6
EMGT00050000000087,Drosophila,AA,14
EMGT00050000000089,Drosophila,AA,38
EMGT00050000000089,Drosophila,NT,37
EMGT00050000000090,Drosophila,AA,11
EMGT00050000000090,Drosophila,NT,23
EMGT00050000000095,Drosophila,AA,41
EMGT00050000000109,Drosophila,AA,19
EMGT00050000000145,Drosophila,AA,46
EMGT00050000000145,Drosophila,NT,31
EMGT00050000000146,Drosophila,AA,33
EMGT00050000000148,Drosophila,AA,22
EMGT00050000000148,Drosophila,NT,10
EMGT00050000000150,Drosophila,AA,17
EMGT00050000000150,Drosophila,NT,18
EMGT00050000000152,Drosophila,AA,5
EMGT00050000000156,Drosophila,NT,45
EMGT00050000000160,Drosophila,AA,47
EMGT00050000000160,Drosophila,NT,30
EMGT00050000000162,Drosophila,NT,21
EMGT00050000000164,Drosophila,AA,36
EMGT00050000000164,Drosophila,NT,39
EMGT00050000000169,Drosophila,AA,17
EMGT00050000000170,Drosophila,AA,46
EMGT00050000000170,Drosophila,NT,49
EMGT00050000000171,Drosophila,AA,2
EMGT00050000000171,Drosophila,NT,10
EMGT00050000000172,Drosophila,AA,12
EMGT00050000000173,Drosophila,NT,44
EMGT00050000000182,Drosophila,AA,16
EMGT00050000000182,Drosophila,NT,24
EMGT00050000000184,Drosophila,NT,44
EMGT00050000000185,Drosophila,AA,12
EMGT00050000000185,Drosophila,NT,20
EMGT00050000000186,Drosophila,NT,3
EMGT00050000000196,Drosophila,NT,11
EMGT00050000000197,Drosophila,AA,47
EMGT00050000000197,Drosophila,NT,48
EMGT00050000000209,Drosophila,NT,2
EMGT00050000000254,Drosophila,NT,31
EMGT00050000000265,Drosophila,AA,37
EMGT00050000000265,Drosophila,NT,40
EMGT00050000000269,Drosophila,NT,40
EMGT00050000000270,Drosophila,AA,23
EMGT00050000000270,Drosophila,NT,11
EMGT00050000000273,Drosophila,AA,13
EMGT00050000000274,Drosophila,NT,25
EMGT00050000000289,Drosophila,AA,32
EMGT00050000000289,Drosophila,NT,45
EMGT00050000000300,Drosophila,NT,34
EMGT00050000000301,Drosophila,AA,27
EMGT00050000000302,Drosophila,AA,4
EMGT00050000000303,Drosophila,NT,39
EMGT00050000000307,Drosophila,AA,47
EMGT00050000000315,Drosophila,AA,12
EMGT00050000000315,Drosophila,NT,20
EMGT00050000000320,Drosophila,AA,12
EMGT00050000000320,Drosophila,NT,7
EMGT00050000000324,Drosophila,NT,14
EMGT00050000000331,Drosophila,AA,32
EMGT00050000000331,Drosophila,NT,45
EMGT00050000000332,Drosophila,AA,9
EMGT00050000000354,Drosophila,AA,14
EMGT00050000000354,Drosophila,NT,26
EMGT00050000000356,Drosophila,AA,38
EMGT00050000000360,Drosophila,AA,35
EMGT00050000000361,Drosophila,AA,29
EMGT00050000000361,Drosophila,NT,26
EMGT00050000000364,Drosophila,AA,44
EMGT00050000000364,Drosophila,NT,33
EMGT00050000000365,Drosophila,AA,20
EMGT00050000000365,Drosophila,NT,12
EMGT00050000000366,Drosophila,AA,10
EMGT00050000000366,Drosophila,NT,22
EMGT00050000000368,Drosophila,AA,44
EMGT00050000000368,Drosophila,NT,33
EMGT00050000000370,Drosophila,AA,34
EMGT00050000000370,Drosophila,NT,43
EMGT00050000000371,Drosophila,NT,27
EMGT00050000000374,Drosophila,AA,8
EMGT00050000000375,Drosophila,NT,13
EMGT00050000000376,Drosophila,AA,11
EMGT00050000000380,Drosophila,AA,48
EMGT00050000000380,Drosophila,NT,47
EMGT00050000000383,Drosophila,NT,32
EMGT00050000000389,Drosophila,NT,17
EMGT00050000000391,Drosophila,AA,7
EMGT00050000000391,Drosophila,NT,22
EMGT00050000000394,Drosophila,AA,38
EMGT00050000000395,Drosophila,AA,24
EMGT00050000000395,Drosophila,NT,16
EMGT00050000000403,Drosophila,AA,7
EMGT00050000000403,Drosophila,NT,16
EMGT00050000000406,Drosophila,AA,49
EMGT00050000000406,Drosophila,NT,46
EMGT00050000000410,Drosophila,AA,15
EMGT00050000000410,Drosophila,NT,5
EMGT00050000000415,Drosophila,NT,32
EMGT00050000000423,Drosophila,NT,47
EMGT00050000000449,Drosophila,NT,14
EMGT00050000000486,Drosophila,AA,42
EMGT00050000000486,Drosophila,NT,35
EMGT00050000000487,Drosophila,AA,26
EMGT00050000000487,Drosophila,NT,14
EMGT00050000000490,Drosophila,NT,11
EMGT00050000000500,Drosophila,AA,46
EMGT00050000000500,Drosophila,NT,49
EMGT00050000000505,Drosophila,AA,16
EMGT00050000000505,Drosophila,NT,19
EMGT00050000000506,Drosophila,AA,26
EMGT00050000000506,Drosophila,NT,29
EMGT00050000000508,Drosophila,AA,9
EMGT00050000000508,Drosophila,NT,40
EMGT00050000000509,Drosophila,AA,16
EMGT00050000000514,Drosophila,AA,36
EMGT00050000000514,Drosophila,NT,39
EMGT00050000000522,Drosophila,AA,43
EMGT00050000000528,Drosophila,AA,23
EMGT00050000000528,Drosophila,NT,11
EMGT00050000000556,Drosophila,AA,45
EMGT00050000000556,Drosophila,NT,32
EMGT00050000000557,Drosophila,NT,9
EMGT00050000000570,Drosophila,NT,46
EMGT00050000000572,Drosophila,AA,20
EMGT00050000000572,Drosophila,NT,6
EMGT00050000000581,Drosophila,NT,26
EMGT00050000000583,Drosophila,AA,38
EMGT00050000000583,Drosophila,NT,37
EMGT00050000000584,Drosophila,AA,44
EMGT00050000000587,Drosophila,AA,31
EMGT00050000000587,Drosophila,NT,46
EMGT00050000000588,Drosophila,AA,44
EMGT00050000000589,Drosophila,AA,20
EMGT00050000000589,Drosophila,NT,12
EMGT00050000000602,Drosophila,AA,32
EMGT00050000000602,Drosophila,NT,45
EMGT00050000000618,Drosophila,NT,8
EMGT00050000000619,Drosophila,AA,37
EMGT00050000000626,Drosophila,AA,12
EMGT00050000000626,Drosophila,NT,20
EMGT00050000000627,Drosophila,AA,33
EMGT00050000000627,Drosophila,NT,44
EMGT00050000000630,Drosophila,NT,41
EMGT00050000000632,Drosophila,NT,28
EMGT00050000000634,Drosophila,NT,48
EMGT00050000000638,Drosophila,AA,47
EMGT00050000000640,Drosophila,AA,41
EMGT00050000000640,Drosophila,NT,4
EMGT00050000000643,Drosophila,AA,34
EMGT00050000000643,Drosophila,NT,43
EMGT00050000000644,Drosophila,NT,47
EMGT00050000000649,Drosophila,AA,11
EMGT00050000000649,Drosophila,NT,23
EMGT00050000000652,Drosophila,AA,14
EMGT00050000000658,Drosophila,AA,31
EMGT00050000000658,Drosophila,NT,1
EMGT00050000000659,Drosophila,NT,22
EMGT00050000000660,Drosophila,AA,10
EMGT00050000000660,Drosophila,NT,22
EMGT00050000000663,Drosophila,AA,20
EMGT00050000000663,Drosophila,NT,3
EMGT00050000000664,Drosophila,AA,19
EMGT00050000000667,Drosophila,AA,29
EMGT00050000000677,Drosophila,NT,27
EMGT00050000000680,Drosophila,NT,4
EMGT00050000000681,Drosophila,AA,34
EMGT00050000000681,Drosophila,NT,8
EMGT00050000000683,Drosophila,NT,17
EMGT00050000000685,Drosophila,NT,32
EMGT00050000000687,Drosophila,NT,23
EMGT00050000000689,Drosophila,NT,32
EMGT00050000000692,Drosophila,AA,38
EMGT00050000000692,Drosophila,NT,2
EMGT00050000000694,Drosophila,NT,12
EMGT00050000000706,Drosophila,AA,11
EMGT00050000000706,Drosophila,NT,23
EMGT00050000000711,Drosophila,AA,29
EMGT00050000000715,Drosophila,AA,20
EMGT00050000000715,Drosophila,NT,12
EMGT00050000000717,Drosophila,AA,49
EMGT00050000000717,Drosophila,NT,46
EMGT00050000000718,Drosophila,NT,33
EMGT00050000000719,Drosophila,NT,5
EMGT00050000000744,Drosophila,AA,27
EMGT00050000000744,Drosophila,NT,28
EMGT00050000000745,Drosophila,AA,43
EMGT00050000000745,Drosophila,NT,34
EMGT00050000000759,Drosophila,NT,35
EMGT00050000000760,Drosophila,NT,35
EMGT00050000000761,Drosophila,AA,26
EMGT00050000000763,Drosophila,NT,40
EMGT00050000000797,Drosophila,NT,35
EMGT00050000000806,Drosophila,NT,34
EMGT00050000000807,Drosophila,AA,27
EMGT00050000000807,Drosophila,NT,15
EMGT00050000000845,Drosophila,AA,11
EMGT00050000000845,Drosophila,NT,23
EMGT00050000000847,Drosophila,NT,5
EMGT00050000000850,Drosophila,AA,38
EMGT00050000000850,Drosophila,NT,37
EMGT00050000000853,Drosophila,AA,35
EMGT00050000000855,Drosophila,AA,10
EMGT00050000000855,Drosophila,NT,22
EMGT00050000000858,Drosophila,NT,4
EMGT00050000000860,Drosophila,AA,10
EMGT00050000000860,Drosophila,NT,22
EMGT00050000000873,Drosophila,NT,13
EMGT00050000000877,Drosophila,NT,8
EMGT00050000000887,Drosophila,AA,11
EMGT00050000000891,Drosophila,AA,35
EMGT00050000000891,Drosophila,NT,42
EMGT00050000000898,Drosophila,AA,20
EMGT00050000000902,Drosophila,AA,25
EMGT00050000000904,Drosophila,NT,32
EMGT00050000000907,Drosophila,AA,5
EMGT00050000000919,Drosophila,NT,12
EMGT00050000000970,Drosophila,AA,43
EMGT00050000000970,Drosophila,NT,34
EMGT00050000000986,Drosophila,AA,27
EMGT00050000000986,Drosophila,NT,8
EMGT00050000001013,Drosophila,AA,32
EMGT00050000001013,Drosophila,NT,45
EMGT00050000001014,Drosophila,AA,36
EMGT00050000001018,Drosophila,AA,36
EMGT00050000001018,Drosophila,NT,41
EMGT00050000001020,Drosophila,AA,17
EMGT00050000001020,Drosophila,NT,25
EMGT00050000001026,Drosophila,AA,5
EMGT00050000001031,Drosophila,AA,37
EMGT00050000001031,Drosophila,NT,40
EMGT00050000001032,Drosophila,AA,42
EMGT00050000001032,Drosophila,NT,35
EMGT00050000001033,Drosophila,AA,26
EMGT00050000001033,Drosophila,NT,29
EMGT00050000001038,Drosophila,AA,8
EMGT00050000001038,Drosophila,NT,10
EMGT00050000001040,Drosophila,NT,16
EMGT00050000001041,Drosophila,AA,40
EMGT00050000001042,Drosophila,NT,7
EMGT00050000001047,Drosophila,AA,20
EMGT00050000001048,Drosophila,NT,4
EMGT00050000001052,Drosophila,AA,34
EMGT00050000001055,Drosophila,AA,30
EMGT00050000001055,Drosophila,NT,47
EMGT00050000001058,Drosophila,NT,23
EMGT00050000001060,Drosophila,AA,48
EMGT00050000001060,Drosophila,NT,47
EMGT00050000001062,Drosophila,NT,13
EMGT00050000001063,Drosophila,AA,45
EMGT00050000001065,Drosophila,AA,18
EMGT00050000001074,Drosophila,AA,38
EMGT00050000001082,Drosophila,NT,7
EMGT00050000001111,Drosophila,NT,5
EMGT00050000001129,Drosophila,NT,27
EMGT00050000001130,Drosophila,AA,44
EMGT00050000001130,Drosophila,NT,33
EMGT00050000001177,Drosophila,AA,22
EMGT00050000001200,Drosophila,AA,34
EMGT00050000001200,Drosophila,NT,43
EMGT00050000001229,Drosophila,AA,35
EMGT00050000001229,Drosophila,NT,4
EMGT00050000001304,Drosophila,NT,18
EMGT00050000001309,Drosophila,NT,41
EMGT00050000001310,Drosophila,NT,10
EMGT00050000001312,Drosophila,AA,33
EMGT00050000001312,Drosophila,NT,44
EMGT00050000001313,Drosophila,AA,12
EMGT00050000001313,Drosophila,NT,20
EMGT00050000001315,Drosophila,NT,38
EMGT00050000001317,Drosophila,NT,14
EMGT00050000001323,Drosophila,NT,35
EMGT00050000001330,Drosophila,NT,39
EMGT00050000001335,Drosophila,AA,23
EMGT00050000001335,Drosophila,NT,11
EMGT00050000001339,Drosophila,AA,23
EMGT00050000001339,Drosophila,NT,11
EMGT00050000001341,Drosophila,AA,25
EMGT00050000001341,Drosophila,NT,4
EMGT00050000001342,Drosophila,AA,15
EMGT00050000001342,Drosophila,NT,27
EMGT00050000001352,Drosophila,NT,26
EMGT00050000001359,Drosophila,NT,1
EMGT00050000001362,Drosophila,NT,3
EMGT00050000001364,Drosophila,AA,24
EMGT00050000001364,Drosophila,NT,16
EMGT00050000001365,Drosophila,AA,38
EMGT00050000001365,Drosophila,NT,37
EMGT00050000001366,Drosophila,AA,35
EMGT00050000001366,Drosophila,NT,42
EMGT00050000001368,Drosophila,AA,24
EMGT00050000001368,Drosophila,NT,16
EMGT00050000001373,Drosophila,AA,21
EMGT00050000001373,Drosophila,NT,13
EMGT00050000001375,Drosophila,NT,36
EMGT00050000001376,Drosophila,AA,34
EMGT00050000001376,Drosophila,NT,43
EMGT00050000001378,Drosophila,AA,18
EMGT00050000001378,Drosophila,NT,17
EMGT00050000001382,Drosophila,AA,39
EMGT00050000001382,Drosophila,NT,36
EMGT00050000001383,Drosophila,AA,25
EMGT00050000001383,Drosophila,NT,17
EMGT00050000001384,Drosophila,AA,21
EMGT00050000001384,Drosophila,NT,13
EMGT00050000001385,Drosophila,AA,45
EMGT00050000001385,Drosophila,NT,32
EMGT00050000001386,Drosophila,AA,8
EMGT00050000001386,Drosophila,NT,47
EMGT00050000001390,Drosophila,AA,29
EMGT00050000001391,Drosophila,AA,35
EMGT00050000001391,Drosophila,NT,42
EMGT00050000001392,Drosophila,AA,6
EMGT00050000001392,Drosophila,NT,37
EMGT00050000001406,Drosophila,NT,26
EMGT00050000001410,Drosophila,AA,48
EMGT00050000001412,Drosophila,NT,8
EMGT00050000001418,Drosophila,AA,41
EMGT00050000001418,Drosophila,NT,36
EMGT00050000001420,Drosophila,NT,17
EMGT00050000001426,Drosophila,AA,45
EMGT00050000001426,Drosophila,NT,32
EMGT00050000001432,Drosophila,AA,35
EMGT00050000001433,Drosophila,AA,29
EMGT00050000001433,Drosophila,NT,26
EMGT00050000001434,Drosophila,AA,10
EMGT00050000001434,Drosophila,NT,22
EMGT00050000001435,Drosophila,NT,46
EMGT00050000001442,Drosophila,AA,42
EMGT00050000001442,Drosophila,NT,35
EMGT00050000001448,Drosophila,AA,22
EMGT00050000001450,Drosophila,AA,17
EMGT00050000001452,Drosophila,AA,43
EMGT00050000001452,Drosophila,NT,34
EMGT00050000001453,Drosophila,AA,5
EMGT00050000001454,Drosophila,AA,1
EMGT00050000001456,Drosophila,NT,45
EMGT00050000001457,Drosophila,AA,13
EMGT00050000001457,Drosophila,NT,21
EMGT00050000001458,Drosophila,NT,2
EMGT00050000001460,Drosophila,NT,48
EMGT00050000001467,Drosophila,AA,43
EMGT00050000001467,Drosophila,NT,34
EMGT00050000001471,Drosophila,AA,22
EMGT00050000001473,Drosophila,NT,44
EMGT00050000001482,Drosophila,AA,16
EMGT00050000001482,Drosophila,NT,19
EMGT00050000001484,Drosophila,AA,33
EMGT00050000001484,Drosophila,NT,44
EMGT00050000001485,Drosophila,AA,12
EMGT00050000001485,Drosophila,NT,20
EMGT00050000001486,Drosophila,AA,7
EMGT00050000001487,Drosophila,AA,46
EMGT00050000001487,Drosophila,NT,3
EMGT00050000001488,Drosophila,NT,44
EMGT00050000001489,Drosophila,AA,12
EMGT00050000001489,Drosophila,NT,20
EMGT00050000001492,Drosophila,AA,9
EMGT00050000001492,Drosophila,NT,25
EMGT00050000001495,Drosophila,AA,13
EMGT00050000001495,Drosophila,NT,5
EMGT00050000001498,Drosophila,AA,32
EMGT00050000001498,Drosophila,NT,45
EMGT00050000001501,Drosophila,AA,42
EMGT00050000001501,Drosophila,NT,3
EMGT00050000001502,Drosophila,AA,37
EMGT00050000001502,Drosophila,NT,38
EMGT00050000001503,Drosophila,AA,16
EMGT00050000001503,Drosophila,NT,24
EMGT00050000001507,Drosophila,AA,3
EMGT00050000001508,Drosophila,AA,12
EMGT00050000001512,Drosophila,AA,1
EMGT00050000001512,Drosophila,NT,9
EMGT00050000001513,Drosophila,NT,18
EMGT00050000001515,Drosophila,AA,32
EMGT00050000001515,Drosophila,NT,45
EMGT00050000001522,Drosophila,AA,23
EMGT00050000001522,Drosophila,NT,11
EMGT00050000001524,Drosophila,AA,4
EMGT00050000001525,Drosophila,AA,8
EMGT00050000001528,Drosophila,AA,43
EMGT00050000001528,Drosophila,NT,34
EMGT00050000001531,Drosophila,AA,12
EMGT00050000001531,Drosophila,NT,20
EMGT00050000001533,Drosophila,AA,46
EMGT00050000001533,Drosophila,NT,49
EMGT00050000001536,Drosophila,AA,2
EMGT00050000001536,Drosophila,NT,19
EMGT00050000001537,Drosophila,AA,37
EMGT00050000001537,Drosophila,NT,40
EMGT00050000001538,Drosophila,AA,42
EMGT00050000001538,Drosophila,NT,35
EMGT00050000001539,Drosophila,NT,29
EMGT00050000001540,Drosophila,AA,44
EMGT00050000001542,Drosophila,AA,10
EMGT00050000001542,Drosophila,NT,22
EMGT00050000001543,Drosophila,AA,49
EMGT00050000001545,Drosophila,NT,26
EMGT00050000001546,Drosophila,NT,16
EMGT00050000001547,Drosophila,AA,40
EMGT00050000001547,Drosophila,NT,37
EMGT00050000001549,Drosophila,AA,29
EMGT00050000001549,Drosophila,NT,26
EMGT00050000001551,Drosophila,AA,21
EMGT00050000001552,Drosophila,AA,11
EMGT00050000001552,Drosophila,NT,23
EMGT00050000001556,Drosophila,NT,17
EMGT00050000001557,Drosophila,AA,39
EMGT00050000001557,Drosophila,NT,36
EMGT00050000001558,Drosophila,NT,43
EMGT00050000001560,Drosophila,AA,28
EMGT00050000001563,Drosophila,AA,18
EMGT00050000001563,Drosophila,NT,17
EMGT00050000001564,Drosophila,AA,21
EMGT00050000001564,Drosophila,NT,5
EMGT00050000001565,Drosophila,AA,45
EMGT00050000001565,Drosophila,NT,32
EMGT00050000001566,Drosophila,NT,47
EMGT00050000001572,Drosophila,AA,38
EMGT00050000001572,Drosophila,NT,37
EMGT00050000001574,Drosophila,AA,20
EMGT00050000001574,Drosophila,NT,12
EMGT00050000001575,Drosophila,AA,44
EMGT00050000001575,Drosophila,NT,33
EMGT00050000001576,Drosophila,AA,31
EMGT00050000001576,Drosophila,NT,46
EMGT00050000001577,Drosophila,AA,7
EMGT00050000001577,Drosophila,NT,22
EMGT00050000001579,Drosophila,AA,44
EMGT00050000001579,Drosophila,NT,33
EMGT00050000001588,Drosophila,NT,16
EMGT00050000001589,Drosophila,AA,40
EMGT00050000001589,Drosophila,NT,37
EMGT00050000001590,Drosophila,NT,23
EMGT00050000001592,Drosophila,AA,45
EMGT00050000001592,Drosophila,NT,32
EMGT00050000001593,Drosophila,AA,4
EMGT00050000001593,Drosophila,NT,13
EMGT00050000001594,Drosophila,AA,25
EMGT00050000001597,Drosophila,AA,15
EMGT00050000001601,Drosophila,AA,27
EMGT00050000001601,Drosophila,NT,28
EMGT00050000001604,Drosophila,NT,45
EMGT00050000001605,Drosophila,AA,13
EMGT00050000001605,Drosophila,NT,21
EMGT00050000001606,Drosophila,NT,11
EMGT00050000001611,Drosophila,AA,2
EMGT00050000001611,Drosophila,NT,14
EMGT00050000001618,Drosophila,AA,33
EMGT00050000001618,Drosophila,NT,44
EMGT00050000001620,Drosophila,AA,12
EMGT00050000001620,Drosophila,NT,20
EMGT00050000001623,Drosophila,AA,22
EMGT00050000001623,Drosophila,NT,10
EMGT00050000001624,Drosophila,AA,26
EMGT00050000001626,Drosophila,AA,37
EMGT00050000001626,Drosophila,NT,3
EMGT00050000001630,Drosophila,AA,13
EMGT00050000001630,Drosophila,NT,21
EMGT00050000001631,Drosophila,AA,32
EMGT00050000001631,Drosophila,NT,45
EMGT00050000001632,Drosophila,AA,47
EMGT00050000001632,Drosophila,NT,30
EMGT00050000001634,Drosophila,AA,27
EMGT00050000001634,Drosophila,NT,15
EMGT00050000001635,Drosophila,AA,43
EMGT00050000001635,Drosophila,NT,34
EMGT00050000001637,Drosophila,AA,17
EMGT00050000001637,Drosophila,NT,25
EMGT00050000001638,Drosophila,AA,27
EMGT00050000001641,Drosophila,AA,45
EMGT00050000001641,Drosophila,NT,32
EMGT00050000001643,Drosophila,NT,5
EMGT00050000001645,Drosophila,AA,5
EMGT00050000001645,Drosophila,NT,43
EMGT00050000001647,Drosophila,AA,25
EMGT00050000001650,Drosophila,AA,7
EMGT00050000001650,Drosophila,NT,12
EMGT00050000001651,Drosophila,AA,44
EMGT00050000001657,Drosophila,NT,16
EMGT00050000001658,Drosophila,AA,29
EMGT00050000001658,Drosophila,NT,26
EMGT00050000001660,Drosophila,NT,2
EMGT00050000001666,Drosophila,AA,10
EMGT00050000001670,Drosophila,AA,34
EMGT00050000001670,Drosophila,NT,43
EMGT00050000001671,Drosophila,AA,28
EMGT00050000001671,Drosophila,NT,27
EMGT00050000001672,Drosophila,NT,4
EMGT00050000001676,Drosophila,AA,11
EMGT00050000001676,Drosophila,NT,23
EMGT00050000001681,Drosophila,NT,23
EMGT00050000001683,Drosophila,AA,45
EMGT00050000001684,Drosophila,AA,39
EMGT00050000001686,Drosophila,NT,27
EMGT00050000001688,Drosophila,AA,2
EMGT00050000001688,Drosophila,NT,36
EMGT00050000001690,Drosophila,NT,46
EMGT00050000001692,Drosophila,AA,20
EMGT00050000001692,Drosophila,NT,12
EMGT00050000001695,Drosophila,AA,19
EMGT00050000001695,Drosophila,NT,16
EMGT00050000001699,Drosophila,NT,16
EMGT00050000001700,Drosophila,AA,11
EMGT00050000001700,Drosophila,NT,23
EMGT00050000001703,Drosophila,AA,21
EMGT00050000001704,Drosophila,AA,18
EMGT00050000001710,Drosophila,AA,10
EMGT00050000001710,Drosophila,NT,7
EMGT00050000001711,Drosophila,NT,46
EMGT00050000001712,Drosophila,AA,44
EMGT00050000001712,Drosophila,NT,33
EMGT00050000001714,Drosophila,AA,24
EMGT00050000001714,Drosophila,NT,16
EMGT00050000001715,Drosophila,NT,37
EMGT00050000001717,Drosophila,AA,14
EMGT00050000001717,Drosophila,NT,26
EMGT00050000001731,Drosophila,AA,25
EMGT00050000001731,Drosophila,NT,17
EMGT00050000001733,Drosophila,AA,8
EMGT00050000001733,Drosophila,NT,43
EMGT00050000001736,Drosophila,AA,21
EMGT00050000001736,Drosophila,NT,13
EMGT00050000001740,Drosophila,AA,36
EMGT00050000001740,Drosophila,NT,39
EMGT00050000001748,Drosophila,AA,3
EMGT00050000001748,Drosophila,NT,30
EMGT00050000001749,Drosophila,AA,23
EMGT00050000001749,Drosophila,NT,11
EMGT00050000001753,Drosophila,AA,42
EMGT00050000001753,Drosophila,NT,35
EMGT00050000001775,Drosophila,NT,1
EMGT00050000001820,Drosophila,AA,6
EMGT00050000001843,Drosophila,NT,23
EMGT00050000001844,Drosophila,NT,4
EMGT00050000001845,Drosophila,NT,43
EMGT00050000001873,Drosophila,NT,36
EMGT00050000001884,Drosophila,AA,39
EMGT00050000001888,Drosophila,AA,39
EMGT00050000001893,Drosophila,AA,44
EMGT00050000001893,Drosophila,NT,33
EMGT00050000001911,Drosophila,NT,46
EMGT00050000001912,Drosophila,AA,44
EMGT00050000001923,Drosophila,AA,35
EMGT00050000001924,Drosophila,AA,49
EMGT00050000001924,Drosophila,NT,46
EMGT00050000001948,Drosophila,AA,6
EMGT00050000001948,Drosophila,NT,30
EMGT00050000001949,Drosophila,AA,23
EMGT00050000001949,Drosophila,NT,2
EMGT00050000001950,Drosophila,AA,3
EMGT00050000001951,Drosophila,AA,16
EMGT00050000001956,Drosophila,AA,12
EMGT00050000001956,Drosophila,NT,20
EMGT00050000001970,Drosophila,AA,23
EMGT00050000001986,Drosophila,NT,30
EMGT00050000001987,Drosophila,NT,11
EMGT00050000002008,Drosophila,AA,41
EMGT00050000002009,Drosophila,AA,18
EMGT00050000002010,Drosophila,AA,31
EMGT00050000002010,Drosophila,NT,46
EMGT00050000002011,Drosophila,NT,22
EMGT00050000002022,Drosophila,AA,35
EMGT00050000002022,Drosophila,NT,2
EMGT00050000002039,Drosophila,AA,30
EMGT00050000002039,Drosophila,NT,47
EMGT00050000002042,Drosophila,AA,43
EMGT00050000002042,Drosophila,NT,34
EMGT00050000002045,Drosophila,AA,47
EMGT00050000002055,Drosophila,NT,2
EMGT00050000002058,Drosophila,AA,22
EMGT00050000002059,Drosophila,AA,46
EMGT00050000002061,Drosophila,NT,10
EMGT00050000002062,Drosophila,NT,20
EMGT00050000002064,Drosophila,NT,3
EMGT00050000002065,Drosophila,AA,7
EMGT00050000002066,Drosophila,AA,26
EMGT00050000002066,Drosophila,NT,14
EMGT00050000002067,Drosophila,NT,35
EMGT00050000002073,Drosophila,AA,32
EMGT00050000002073,Drosophila,NT,45
EMGT00050000002077,Drosophila,AA,1
EMGT00050000002077,Drosophila,NT,34
EMGT00050000002080,Drosophila,AA,43
EMGT00050000002080,Drosophila,NT,34
EMGT00050000002081,Drosophila,AA,27
EMGT00050000002081,Drosophila,NT,15
EMGT00050000002086,Drosophila,AA,23
EMGT00050000002086,Drosophila,NT,8
EMGT00050000002087,Drosophila,NT,4
EMGT00050000002089,Drosophila,AA,13
EMGT00050000002089,Drosophila,NT,21
EMGT00050000002090,Drosophila,AA,42
EMGT00050000002090,Drosophila,NT,35
EMGT00050000002091,Drosophila,AA,26
EMGT00050000002091,Drosophila,NT,29
EMGT00050000002108,Drosophila,NT,21
EMGT00050000002109,Drosophila,NT,45
EMGT00050000002114,Drosophila,AA,12
EMGT00050000002114,Drosophila,NT,6
EMGT00050000002117,Drosophila,AA,22
EMGT00050000002117,Drosophila,NT,10
EMGT00050000002118,Drosophila,AA,12
EMGT00050000002118,Drosophila,NT,20
EMGT00050000002124,Drosophila,AA,3
EMGT00050000002130,Drosophila,NT,45
EMGT00050000002131,Drosophila,AA,13
EMGT00050000002135,Drosophila,AA,27
EMGT00050000002135,Drosophila,NT,15
EMGT00050000002136,Drosophila,NT,25
EMGT00050000002137,Drosophila,AA,36
EMGT00050000002137,Drosophila,NT,1
EMGT00050000002146,Drosophila,NT,9
EMGT00050000002148,Drosophila,NT,43
EMGT00050000002153,Drosophila,AA,49
EMGT00050000002153,Drosophila,NT,46
EMGT00050000002154,Drosophila,AA,35
EMGT00050000002154,Drosophila,NT,42
EMGT00050000002156,Drosophila,AA,19
EMGT00050000002157,Drosophila,NT,37
EMGT00050000002158,Drosophila,AA,35
EMGT00050000002158,Drosophila,NT,4
EMGT00050000002159,Drosophila,AA,29
EMGT00050000002159,Drosophila,NT,26
EMGT00050000002162,Drosophila,AA,38
EMGT00050000002162,Drosophila,NT,37
EMGT00050000002176,Drosophila,AA,48
EMGT00050000002176,Drosophila,NT,47
EMGT00050000002180,Drosophila,NT,1
EMGT00050000002184,Drosophila,AA,25
EMGT00050000002184,Drosophila,NT,17
EMGT00050000002185,Drosophila,AA,39
EMGT00050000002185,Drosophila,NT,36
EMGT00050000002187,Drosophila,NT,27
EMGT00050000002189,Drosophila,AA,39
EMGT00050000002189,Drosophila,NT,36
EMGT00050000002193,Drosophila,AA,3
EMGT00050000002193,Drosophila,NT,12
EMGT00050000002195,Drosophila,AA,40
EMGT00050000002196,Drosophila,NT,42
EMGT00050000002197,Drosophila,AA,29
EMGT00050000002197,Drosophila,NT,26
EMGT00050000002222,Drosophila,AA,47
EMGT00050000002222,Drosophila,NT,30
EMGT00050000002226,Drosophila,AA,36
EMGT00050000002226,Drosophila,NT,4
EMGT00050000002227,Drosophila,AA,17
EMGT00050000002227,Drosophila,NT,25
EMGT00050000002230,Drosophila,NT,20
EMGT00050000002233,Drosophila,AA,22
EMGT00050000002233,Drosophila,NT,10
EMGT00050000002241,Drosophila,AA,44
EMGT00050000002241,Drosophila,NT,33
EMGT00050000002246,Drosophila,NT,37
EMGT00050000002247,Drosophila,NT,16
EMGT00050000002248,Drosophila,NT,26
EMGT00050000002251,Drosophila,AA,45
EMGT00050000002251,Drosophila,NT,4
EMGT00050000002253,Drosophila,AA,11
EMGT00050000002253,Drosophila,NT,23
EMGT00050000002255,Drosophila,AA,34
EMGT00050000002256,Drosophila,AA,8
EMGT00050000002256,Drosophila,NT,36
EMGT00050000002263,Drosophila,AA,41
EMGT00050000002263,Drosophila,NT,36
EMGT00050000002264,Drosophila,AA,45
EMGT00050000002268,Drosophila,NT,32
EMGT00050000002282,Drosophila,NT,12
EMGT00050000002291,Drosophila,NT,4
EMGT00050000002293,Drosophila,AA,45
EMGT00050000002293,Drosophila,NT,32
EMGT00050000002294,Drosophila,AA,39
EMGT00050000002295,Drosophila,AA,25
EMGT00050000002295,Drosophila,NT,17
EMGT00050000002296,Drosophila,NT,27
EMGT00050000002298,Drosophila,AA,39
EMGT00050000002299,Drosophila,AA,25
EMGT00050000002299,Drosophila,NT,17
EMGT00050000002300,Drosophila,AA,10
EMGT00050000002300,Drosophila,NT,22
EMGT00050000002301,Drosophila,NT,46
EMGT00050000002302,Drosophila,NT,6
EMGT00050000002306,Drosophila,AA,35
EMGT00050000002308,Drosophila,NT,5
EMGT00050000002310,Drosophila,AA,11
EMGT00050000002310,Drosophila,NT,23
EMGT00050000002313,Drosophila,AA,21
EMGT00050000002313,Drosophila,NT,13
EMGT00050000002315,Drosophila,AA,41
EMGT00050000002315,Drosophila,NT,36
EMGT00050000002318,Drosophila,AA,18
EMGT00050000002318,Drosophila,NT,17
EMGT00050000002326,Drosophila,AA,21
EMGT00050000002326,Drosophila,NT,13
EMGT00050000002333,Drosophila,NT,7
EMGT00050000002340,Drosophila,AA,37
EMGT00050000002340,Drosophila,NT,40
EMGT00050000002341,Drosophila,NT,19
EMGT00050000002350,Drosophila,NT,39
EMGT00050000002353,Drosophila,NT,34
EMGT00050000002359,Drosophila,AA,23
EMGT00050000002362,Drosophila,AA,32
EMGT00050000002362,Drosophila,NT,45
EMGT00050000002371,Drosophila,AA,46
EMGT00050000002374,Drosophila,AA,2
EMGT00050000002374,Drosophila,NT,24
EMGT00050000002383,Drosophila,AA,16
EMGT00050000002383,Drosophila,NT,19
EMGT00050000002389,Drosophila,AA,33
EMGT00050000002389,Drosophila,NT,44
EMGT00050000002394,Drosophila,AA,13
EMGT00050000002394,Drosophila,NT,21
EMGT00050000002418,Drosophila,AA,37
EMGT00050000002419,Drosophila,AA,16
EMGT00050000002419,Drosophila,NT,24
EMGT00050000002422,Drosophila,AA,42
EMGT00050000002422,Drosophila,NT,35
EMGT00050000002425,Drosophila,AA,46
EMGT00050000002425,Drosophila,NT,49
EMGT00050000002450,Drosophila,AA,19
EMGT00050000002450,Drosophila,NT,16
EMGT00050000002452,Drosophila,NT,42
EMGT00050000002462,Drosophila,NT,12
EMGT00050000002469,Drosophila,AA,24
EMGT00050000002469,Drosophila,NT,16
EMGT00050000002471,Drosophila,AA,11
EMGT00050000002471,Drosophila,NT,23
EMGT00050000002473,Drosophila,AA,45
EMGT00050000002473,Drosophila,NT,1
EMGT00050000002474,Drosophila,NT,5
EMGT00050000002475,Drosophila,AA,18
EMGT00050000002475,Drosophila,NT,9
EMGT00050000002476,Drosophila,AA,28
EMGT00050000002495,Drosophila,NT,12
EMGT00050000002505,Drosophila,AA,45
EMGT00050000002505,Drosophila,NT,32
EMGT00050000002506,Drosophila,AA,48
EMGT00050000002506,Drosophila,NT,47
EMGT00050000002508,Drosophila,AA,3
EMGT00050000002524,Drosophila,AA,35
EMGT00050000002548,Drosophila,AA,43
EMGT00050000002577,Drosophila,AA,23
EMGT00050000002592,Drosophila,AA,33
EMGT00050000002592,Drosophila,NT,44
EMGT00050000002598,Drosophila,AA,16
EMGT00050000002598,Drosophila,NT,19
EMGT00050000002599,Drosophila,AA,37
EMGT00050000002599,Drosophila,NT,40
EMGT00050000002601,Drosophila,AA,3
EMGT00050000002605,Drosophila,NT,12
EMGT00050000002608,Drosophila,NT,33
EMGT00050000002610,Drosophila,NT,43
EMGT00050000002611,Drosophila,AA,28
EMGT00050000002611,Drosophila,NT,27
EMGT00050000002612,Drosophila,AA,18
EMGT00050000002617,Drosophila,AA,48
EMGT00050000002617,Drosophila,NT,47
EMGT00050000002624,Drosophila,NT,27
EMGT00050000002626,Drosophila,AA,39
EMGT00050000002626,Drosophila,NT,36
EMGT00050000002647,Drosophila,NT,19
EMGT00050000002660,Drosophila,AA,43
EMGT00050000002660,Drosophila,NT,34
EMGT00050000002673,Drosophila,AA,37
EMGT00050000002673,Drosophila,NT,38
EMGT00050000002674,Drosophila,AA,33
EMGT00050000002674,Drosophila,NT,44
EMGT00050000002686,Drosophila,AA,26
EMGT00050000002686,Drosophila,NT,6
EMGT00050000002706,Drosophila,NT,35
EMGT00050000002722,Drosophila,AA,5
EMGT00050000002723,Drosophila,AA,9
EMGT00050000002737,Drosophila,NT,44
EMGT00050000002753,Drosophila,AA,34
EMGT00050000002753,Drosophila,NT,43
EMGT00050000002781,Drosophila,AA,35
EMGT00050000002783,Drosophila,NT,16
EMGT00050000002832,Drosophila,NT,46
EMGT00050000002900,Drosophila,AA,22
EMGT00050000002900,Drosophila,NT,3
EMGT00050000002924,Drosophila,AA,8
EMGT00050000002924,Drosophila,NT,30
EMGT00050000002926,Drosophila,NT,21
EMGT00050000002930,Drosophila,NT,40
EMGT00050000002955,Drosophila,AA,11
EMGT00050000002959,Drosophila,AA,11
EMGT00050000002959,Drosophila,NT,23
EMGT00050000002962,Drosophila,NT,32
EMGT00050000002970,Drosophila,AA,10
EMGT00050000002970,Drosophila,NT,22
EMGT00050000002980,Drosophila,AA,29
EMGT00050000002984,Drosophila,AA,20
EMGT00050000002984,Drosophila,NT,12
EMGT00050000002995,Drosophila,AA,45
EMGT00050000002995,Drosophila,NT,8
EMGT00050000002999,Drosophila,AA,45
EMGT00050000002999,Drosophila,NT,32
EMGT00050000003016,Drosophila,AA,49
EMGT00050000003016,Drosophila,NT,46
EMGT00050000003018,Drosophila,AA,20
EMGT00050000003018,Drosophila,NT,12
EMGT00050000003020,Drosophila,AA,44
EMGT00050000003020,Drosophila,NT,33
EMGT00050000003022,Drosophila,AA,10
EMGT00050000003022,Drosophila,NT,22
EMGT00050000003023,Drosophila,NT,46
EMGT00050000003026,Drosophila,AA,24
EMGT00050000003035,Drosophila,AA,28
EMGT00050000003035,Drosophila,NT,27
EMGT00050000003036,Drosophila,AA,18
EMGT00050000003036,Drosophila,NT,17
EMGT00050000003040,Drosophila,AA,32
EMGT00050000003040,Drosophila,NT,45
EMGT00050000003077,Drosophila,AA,23
EMGT00050000003077,Drosophila,NT,11
EMGT00050000003079,Drosophila,NT,45
EMGT00050000003081,Drosophila,NT,48
EMGT00050000003082,Drosophila,AA,32
EMGT00050000003082,Drosophila,NT,45
EMGT00050000003083,Drosophila,AA,9
EMGT00050000003083,Drosophila,NT,21
EMGT00050000003086,Drosophila,NT,34
EMGT00050000003091,Drosophila,NT,31
EMGT00050000003107,Drosophila,NT,34
EMGT00050000003108,Drosophila,NT,39
EMGT00050000003145,Drosophila,AA,48
EMGT00050000003145,Drosophila,NT,8
EMGT00050000003169,Drosophila,NT,16
EMGT00050000003179,Drosophila,AA,6
EMGT00050000003179,Drosophila,NT,17
EMGT00050000003183,Drosophila,AA,41
EMGT00050000003183,Drosophila,NT,36
EMGT00050000003185,Drosophila,AA,21
EMGT00050000003185,Drosophila,NT,8
EMGT00050000003193,Drosophila,NT,37
EMGT00050000003239,Drosophila,NT,10
EMGT00050000003256,Drosophila,AA,21
EMGT00050000003256,Drosophila,NT,13
EMGT00050000003258,Drosophila,AA,48
EMGT00050000003279,Drosophila,AA,40
EMGT00050000003279,Drosophila,NT,37
EMGT00050000003368,Drosophila,AA,2
EMGT00050000003369,Drosophila,AA,13
EMGT00050000003374,Drosophila,NT,44
EMGT00050000003379,Drosophila,AA,12
EMGT00050000003379,Drosophila,NT,20
EMGT00050000003382,Drosophila,AA,12
EMGT00050000003382,Drosophila,NT,20
EMGT00050000003402,Drosophila,NT,39
EMGT00050000003447,Drosophila,NT,9
EMGT00050000003449,Drosophila,AA,28
EMGT00050000003449,Drosophila,NT,27
EMGT00050000003459,Drosophila,AA,14
EMGT00050000003459,Drosophila,NT,4
EMGT00050000003463,Drosophila,NT,16
EMGT00050000003478,Drosophila,AA,21
EMGT00050000003478,Drosophila,NT,13
EMGT00050000003482,Drosophila,AA,45
EMGT00050000003482,Drosophila,NT,32
EMGT00050000003486,Drosophila,AA,34
EMGT00050000003487,Drosophila,NT,9
EMGT00050000003510,Drosophila,AA,49
EMGT00050000003517,Drosophila,NT,42
EMGT00050000003538,Drosophila,AA,11
EMGT00050000003542,Drosophila,AA,43
EMGT00050000003545,Drosophila,NT,48
EMGT00050000003547,Drosophila,AA,13
EMGT00050000003561,Drosophila,AA,22
EMGT00050000003561,Drosophila,NT,10
EMGT00050000003565,Drosophila,AA,16
EMGT00050000003565,Drosophila,NT,19
EMGT00050000003575,Drosophila,AA,17
EMGT00050000003585,Drosophila,AA,13
EMGT00050000003585,Drosophila,NT,21
EMGT00050000003725,Drosophila,NT,34
EMGT00050000003729,Drosophila,AA,43
EMGT00050000003730,Drosophila,AA,12
EMGT00050000003731,Drosophila,NT,44
EMGT00050000003734,Drosophila,AA,6
EMGT00050000003734,Drosophila,NT,14
EMGT00050000003810,Drosophila,AA,11
EMGT00050000003810,Drosophila,NT,23
EMGT00050000003817,Drosophila,NT,27
EMGT00050000003818,Drosophila,NT,17
EMGT00050000003861,Drosophila,AA,9
EMGT00050000003861,Drosophila,NT,30
EMGT00050000003867,Drosophila,AA,1
EMGT00050000003867,Drosophila,NT,9
EMGT00050000003869,Drosophila,AA,36
EMGT00050000003869,Drosophila,NT,39
EMGT00050000003874,Drosophila,AA,16
EMGT00050000003874,Drosophila,NT,19
EMGT00050000003884,Drosophila,AA,12
EMGT00050000003884,Drosophila,NT,20
EMGT00050000003885,Drosophila,AA,33
EMGT00050000003885,Drosophila,NT,44
EMGT00050000003886,Drosophila,AA,46
EMGT00050000003886,Drosophila,NT,31
EMGT00050000003917,Drosophila,AA,4
EMGT00050000003930,Drosophila,NT,20
EMGT00050000003935,Drosophila,AA,42
EMGT00050000003935,Drosophila,NT,7
EMGT00050000003939,Drosophila,NT,35
EMGT00050000003941,Drosophila,AA,44
EMGT00050000003941,Drosophila,NT,33
EMGT00050000003944,Drosophila,NT,26
EMGT00050000003950,Drosophila,AA,9
EMGT00050000003950,Drosophila,NT,1
EMGT00050000003957,Drosophila,AA,18
EMGT00050000003957,Drosophila,NT,17
EMGT00050000003958,Drosophila,NT,27
EMGT00050000003959,Drosophila,NT,43
EMGT00050000003963,Drosophila,AA,39
EMGT00050000003963,Drosophila,NT,36
EMGT00050000003965,Drosophila,AA,21
EMGT00050000003965,Drosophila,NT,13
EMGT00050000003966,Drosophila,AA,11
EMGT00050000003972,Drosophila,NT,16
EMGT00050000003982,Drosophila,NT,12
EMGT00050000003983,Drosophila,AA,44
EMGT00050000003983,Drosophila,NT,33
EMGT00050000003986,Drosophila,NT,26
EMGT00050000003992,Drosophila,AA,21
EMGT00050000003992,Drosophila,NT,13
EMGT00050000004022,Drosophila,NT,7
EMGT00050000004042,Drosophila,AA,18
EMGT00050000004066,Drosophila,AA,40
EMGT00050000004102,Drosophila,NT,27
EMGT00050000004103,Drosophila,AA,34
EMGT00050000004103,Drosophila,NT,43
EMGT00050000004106,Drosophila,NT,13
EMGT00050000004122,Drosophila,AA,44
EMGT00050000004132,Drosophila,NT,32
EMGT00050000004135,Drosophila,AA,41
EMGT00050000004135,Drosophila,NT,36
EMGT00050000004136,Drosophila,AA,34
EMGT00050000004136,Drosophila,NT,43
EMGT00050000004155,Drosophila,AA,37
EMGT00050000004157,Drosophila,AA,26
EMGT00050000004157,Drosophila,NT,14
EMGT00050000004165,Drosophila,NT,10
EMGT00050000004170,Drosophila,NT,39
EMGT00050000004192,Drosophila,AA,22
EMGT00050000004192,Drosophila,NT,2
EMGT00050000004214,Drosophila,AA,11
EMGT00050000004223,Drosophila,AA,45
EMGT00050000004240,Drosophila,AA,46
EMGT00050000004245,Drosophila,AA,7
EMGT00050000004254,Drosophila,AA,36
EMGT00050000004254,Drosophila,NT,41
EMGT00050000004256,Drosophila,AA,27
EMGT00050000004256,Drosophila,NT,28
EMGT00050000004258,Drosophila,AA,36
EMGT00050000004258,Drosophila,NT,41
EMGT00050000004261,Drosophila,AA,36
EMGT00050000004261,Drosophila,NT,39
EMGT00050000004265,Drosophila,AA,47
EMGT00050000004265,Drosophila,NT,30
EMGT00050000004280,Drosophila,AA,12
EMGT00050000004295,Drosophila,AA,43
EMGT00050000004304,Drosophila,AA,42
EMGT00050000004307,Drosophila,AA,37
EMGT00050000004307,Drosophila,NT,40
EMGT00050000004316,Drosophila,AA,5
EMGT00050000004320,Drosophila,AA,27
EMGT00050000004320,Drosophila,NT,28
EMGT00050000004328,Drosophila,AA,13
EMGT00050000004328,Drosophila,NT,21
EMGT00050000004329,Drosophila,AA,32
EMGT00050000004329,Drosophila,NT,45
EMGT00050000004395,Drosophila,NT,23
EMGT00050000004397,Drosophila,AA,45
EMGT00050000004397,Drosophila,NT,32
EMGT00050000004398,Drosophila,AA,48
EMGT00050000004398,Drosophila,NT,47
EMGT00050000004419,Drosophila,AA,35
EMGT00050000004419,Drosophila,NT,42
EMGT00050000004461,Drosophila,NT,2
EMGT00050000004587,Drosophila,AA,41
EMGT00050000004589,Drosophila,AA,28
EMGT00050000004594,Drosophila,AA,35
EMGT00050000004595,Drosophila,NT,26
EMGT00050000004622,Drosophila,NT,21
EMGT00050000004647,Drosophila,AA,7
EMGT00050000004647,Drosophila,NT,42
EMGT00050000004649,Drosophila,NT,16
EMGT00050000004652,Drosophila,AA,21
EMGT00050000004652,Drosophila,NT,13
EMGT00050000004655,Drosophila,AA,18
EMGT00050000004658,Drosophila,AA,41
EMGT00050000004658,Drosophila,NT,36
EMGT00050000004661,Drosophila,NT,36
EMGT00050000004685,Drosophila,AA,35
EMGT00050000004687,Drosophila,AA,24
EMGT00050000004687,Drosophila,NT,16
EMGT00050000004697,Drosophila,AA,18
EMGT00050000004697,Drosophila,NT,17
EMGT00050000004698,Drosophila,AA,28
EMGT00050000004698,Drosophila,NT,27
EMGT00050000004701,Drosophila,AA,20
EMGT00050000004701,Drosophila,NT,12
EMGT00050000004708,Drosophila,AA,35
EMGT00050000004708,Drosophila,NT,42
EMGT00050000004726,Drosophila,NT,47
EMGT00050000004737,Drosophila,AA,2
EMGT00050000004737,Drosophila,NT,22
EMGT00050000004750,Drosophila,AA,27
EMGT00050000004750,Drosophila,NT,28
EMGT00050000004751,Drosophila,NT,34
EMGT00050000004760,Drosophila,AA,32
EMGT00050000004763,Drosophila,AA,5
EMGT00050000004764,Drosophila,AA,43
EMGT00050000004766,Drosophila,AA,17
EMGT00050000004766,Drosophila,NT,25
EMGT00050000004767,Drosophila,AA,36
EMGT00050000004768,Drosophila,AA,43
EMGT00050000004768,Drosophila,NT,2
EMGT00050000004772,Drosophila,AA,22
EMGT00050000004772,Drosophila,NT,10
EMGT00050000004783,Drosophila,AA,42
EMGT00050000004783,Drosophila,NT,35
EMGT00050000004784,Drosophila,AA,46
EMGT00050000004784,Drosophila,NT,31
EMGT00050000004791,Drosophila,NT,18
EMGT00050000004793,Drosophila,AA,8
EMGT00050000004793,Drosophila,NT,34
EMGT00050000004796,Drosophila,AA,13
EMGT00050000004796,Drosophila,NT,21
EMGT00050000004801,Drosophila,AA,3
EMGT00050000004801,Drosophila,NT,40
EMGT00050000004805,Drosophila,NT,49
EMGT00050000004962,Drosophila,AA,23
EMGT00050000004966,Drosophila,AA,17
EMGT00050000004966,Drosophila,NT,25
EMGT00050000004968,Drosophila,AA,43
EMGT00050000004968,Drosophila,NT,34
EMGT00050000004978,Drosophila,AA,42
EMGT00050000004999,Drosophila,NT,11
EMGT00050000005137,Drosophila,AA,30
EMGT00050000005137,Drosophila,NT,47
EMGT00050000005142,Drosophila,AA,1
EMGT00050000005142,Drosophila,NT,25
EMGT00050000005151,Drosophila,AA,26
EMGT00050000005156,Drosophila,NT,10
EMGT00050000005167,Drosophila,AA,16
EMGT00050000005167,Drosophila,NT,24
EMGT00050000005175,Drosophila,NT,34
EMGT00050000005178,Drosophila,AA,27
EMGT00050000005178,Drosophila,NT,7
EMGT00050000005229,Drosophila,AA,45
EMGT00050000005230,Drosophila,AA,29
EMGT00050000005230,Drosophila,NT,26
EMGT00050000005231,Drosophila,NT,42
EMGT00050000005339,Drosophila,AA,16
EMGT00050000005339,Drosophila,NT,19
EMGT00050000005341,Drosophila,NT,22
EMGT00050000005349,Drosophila,AA,19
EMGT00050000005349,Drosophila,NT,16
EMGT00050000005351,Drosophila,AA,11
EMGT00050000005401,Drosophila,AA,18
EMGT00050000005401,Drosophila,NT,17
EMGT00050000005420,Drosophila,AA,10
EMGT00050000005420,Drosophila,NT,22
EMGT00050000005470,Drosophila,NT,5
EMGT00050000005502,Drosophila,NT,48
EMGT00050000005504,Drosophila,NT,28
EMGT00050000005506,Drosophila,AA,36
EMGT00050000005508,Drosophila,AA,27
EMGT00050000005508,Drosophila,NT,28
EMGT00050000006711,Drosophila,AA,37
EMGT00050000006711,Drosophila,NT,38
EMGT00050000006764,Drosophila,AA,10
EMGT00050000006774,Drosophila,AA,11
EMGT00050000006774,Drosophila,NT,23
EMGT00050000006883,Drosophila,AA,43
EMGT00050000006883,Drosophila,NT,34
EMGT00050000006885,Drosophila,AA,23
EMGT00050000006885,Drosophila,NT,11
EMGT00050000006888,Drosophila,AA,47
EMGT00050000006888,Drosophila,NT,30
EMGT00050000006940,Drosophila,NT,5
EMGT00050000006951,Drosophila,NT,22
EMGT00050000006955,Drosophila,AA,19
EMGT00050000006955,Drosophila,NT,16
EMGT00050000006968,Drosophila,AA,5
EMGT00050000006995,Drosophila,AA,35
EMGT00050000006995,Drosophila,NT,7
EMGT00050000007024,Drosophila,AA,45
EMGT00050000007024,Drosophila,NT,32
EMGT00050000007026,Drosophila,AA,11
EMGT00050000007028,Drosophila,AA,45
EMGT00050000007028,Drosophila,NT,32
EMGT00050000007029,Drosophila,AA,21
EMGT00050000007029,Drosophila,NT,13
EMGT00050000007036,Drosophila,AA,10
EMGT00050000007101,Drosophila,AA,16
EMGT00050000007127,Drosophila,NT,28
EMGT00050000007133,Drosophila,NT,20
EMGT00050000007134,Drosophila,NT,24
EMGT00050000007135,Drosophila,NT,38
EMGT00050000007136,Drosophila,AA,42
EMGT00050000007136,Drosophila,NT,35
EMGT00050000007138,Drosophila,AA,16
EMGT00050000007233,Drosophila,AA,32
EMGT00050000007235,Drosophila,NT,18
EMGT00050000007236,Drosophila,AA,27
EMGT00050000007236,Drosophila,NT,28
EMGT00050000007237,Drosophila,NT,34
EMGT00050000007244,Drosophila,AA,41
EMGT00050000007244,Drosophila,NT,36
EMGT00050000007248,Drosophila,AA,41
EMGT00050000007248,Drosophila,NT,36
EMGT00050000007291,Drosophila,NT,33
EMGT00050000007296,Drosophila,NT,37
EMGT00050000007309,Drosophila,AA,15
EMGT00050000007309,Drosophila,NT,27
EMGT00050000007332,Drosophila,NT,36
EMGT00050000007377,Drosophila,AA,36
EMGT00050000007377,Drosophila,NT,39
EMGT00050000007389,Drosophila,NT,11
EMGT00050000007391,Drosophila,AA,16
EMGT00050000007391,Drosophila,NT,24
EMGT00050000007396,Drosophila,NT,20
EMGT00050000007447,Drosophila,NT,6
EMGT00050000007518,Drosophila,AA,30
EMGT00050000007518,Drosophila,NT,47
EMGT00050000007522,Drosophila,AA,9
EMGT00050000007522,Drosophila,NT,32
EMGT00050000007525,Drosophila,AA,41
EMGT00050000007526,Drosophila,AA,34
EMGT00050000007526,Drosophila,NT,43
EMGT00050000007528,Drosophila,AA,18
EMGT00050000007530,Drosophila,AA,10
EMGT00050000007530,Drosophila,NT,22
EMGT00050000007540,Drosophila,AA,22
EMGT00050000007540,Drosophila,NT,3
EMGT00050000007543,Drosophila,NT,20
EMGT00050000007582,Drosophila,NT,10
EMGT00050000007616,Drosophila,AA,3
EMGT00050000007616,Drosophila,NT,33
EMGT00050000007628,Drosophila,AA,38
EMGT00050000007628,Drosophila,NT,37
EMGT00050000007630,Drosophila,AA,48
EMGT00050000007649,Drosophila,NT,3
EMGT00050000007652,Drosophila,AA,12
EMGT00050000007668,Drosophila,AA,22
EMGT00050000007699,Drosophila,AA,42
EMGT00050000007699,Drosophila,NT,35
EMGT00050000007710,Drosophila,AA,33
EMGT00050000007713,Drosophila,AA,46
EMGT00050000007713,Drosophila,NT,49
EMGT00050000007715,Drosophila,NT,29
EMGT00050000007733,Drosophila,AA,17
EMGT00050000007733,Drosophila,NT,18
EMGT00050000007735,Drosophila,NT,45
EMGT00050000007761,Drosophila,AA,20
EMGT00050000007761,Drosophila,NT,12
EMGT00050000007765,Drosophila,AA,29
EMGT00050000007765,Drosophila,NT,26
EMGT00050000007775,Drosophila,NT,4
EMGT00050000007796,Drosophila,NT,12
EMGT00050000007798,Drosophila,AA,31
EMGT00050000007804,Drosophila,AA,11
EMGT00050000007804,Drosophila,NT,8
EMGT00050000007805,Drosophila,AA,30
EMGT00050000007805,Drosophila,NT,47
EMGT00050000007829,Drosophila,AA,24
EMGT00050000007829,Drosophila,NT,16
EMGT00050000007842,Drosophila,AA,13
EMGT00050000007842,Drosophila,NT,9
EMGT00050000007845,Drosophila,AA,5
EMGT00050000007845,Drosophila,NT,18
EMGT00050000007935,Drosophila,NT,8
EMGT00050000007946,Drosophila,AA,48
EMGT00050000007968,Drosophila,AA,35
EMGT00050000007969,Drosophila,AA,29
EMGT00050000007976,Drosophila,AA,25
EMGT00050000007976,Drosophila,NT,17
EMGT00050000007988,Drosophila,AA,3
EMGT00050000007999,Drosophila,AA,10
EMGT00050000008071,Drosophila,AA,28
EMGT00050000008071,Drosophila,NT,27
EMGT00050000008074,Drosophila,AA,45
EMGT00050000008074,Drosophila,NT,32
EMGT00050000008143,Drosophila,AA,43
EMGT00050000008143,Drosophila,NT,34
EMGT00050000008144,Drosophila,AA,47
EMGT00050000008144,Drosophila,NT,30
EMGT00050000008151,Drosophila,AA,16
EMGT00050000008151,Drosophila,NT,19
EMGT00050000008152,Drosophila,AA,26
EMGT00050000008152,Drosophila,NT,29
EMGT00050000008170,Drosophila,AA,23
EMGT00050000008170,Drosophila,NT,11
EMGT00050000008175,Drosophila,AA,36
EMGT00050000008216,Drosophila,NT,27
EMGT00050000008241,Drosophila,NT,40
EMGT00050000008242,Drosophila,AA,9
EMGT00050000008242,Drosophila,NT,35
EMGT00050000008253,Drosophila,AA,27
EMGT00050000008262,Drosophila,AA,13
EMGT00050000008262,Drosophila,NT,21
EMGT00050000008271,Drosophila,NT,10
EMGT00050000008273,Drosophila,AA,8
EMGT00050000008273,Drosophila,NT,44
EMGT00050000008282,Drosophila,AA,16
EMGT00050000008282,Drosophila,NT,19
EMGT00050000008328,Drosophila,AA,43
EMGT00050000008348,Drosophila,AA,35
EMGT00050000008348,Drosophila,NT,3
EMGT00050000008352,Drosophila,AA,11
EMGT00050000008352,Drosophila,NT,23
EMGT00050000008363,Drosophila,AA,18
EMGT00050000008363,Drosophila,NT,17
EMGT00050000008436,Drosophila,AA,39
EMGT00050000008436,Drosophila,NT,36
EMGT00050000008452,Drosophila,AA,46
EMGT00050000008492,Drosophila,AA,12
EMGT00050000008502,Drosophila,AA,32
EMGT00050000008502,Drosophila,NT,7
EMGT00050000008510,Drosophila,NT,1
EMGT00050000008521,Drosophila,AA,8
EMGT00050000008524,Drosophila,NT,49
EMGT00050000008531,Drosophila,AA,17
EMGT00050000008570,Drosophila,AA,11
EMGT00050000008576,Drosophila,AA,34
EMGT00050000008577,Drosophila,AA,28
EMGT00050000008577,Drosophila,NT,27
EMGT00050000008616,Drosophila,AA,27
EMGT00050000008675,Drosophila,AA,24
EMGT00050000008675,Drosophila,NT,16
EMGT00050000008676,Drosophila,AA,14
EMGT00050000008676,Drosophila,NT,4
EMGT00050000008683,Drosophila,NT,37
EMGT00050000008685,Drosophila,NT,12
EMGT00050000008718,Drosophila,AA,4
EMGT00050000008718,Drosophila,NT,13
EMGT00050000008800,Drosophila,NT,31
EMGT00050000008803,Drosophila,AA,33
EMGT00050000008803,Drosophila,NT,44
EMGT00050000008873,Drosophila,AA,44
EMGT00050000008879,Drosophila,AA,24
EMGT00050000008879,Drosophila,NT,16
EMGT00050000008886,Drosophila,AA,4
EMGT00050000008886,Drosophila,NT,22
EMGT00050000008916,Drosophila,AA,48
EMGT00050000008916,Drosophila,NT,47
EMGT00050000008921,Drosophila,AA,21
EMGT00050000008921,Drosophila,NT,13
EMGT00050000008958,Drosophila,AA,43
EMGT00050000008958,Drosophila,NT,34
EMGT00050000008969,Drosophila,AA,32
EMGT00050000008969,Drosophila,NT,1
EMGT00050000008988,Drosophila,AA,16
EMGT00050000008995,Drosophila,AA,36
EMGT00050000009016,Drosophila,AA,42
EMGT00050000009016,Drosophila,NT,35
EMGT00050000009037,Drosophila,NT,45
EMGT00050000009072,Drosophila,AA,45
EMGT00050000009072,Drosophila,NT,32
EMGT00050000009077,Drosophila,NT,27
EMGT00050000009083,Drosophila,AA,18
EMGT00050000009083,Drosophila,NT,17
EMGT00050000009099,Drosophila,AA,44
EMGT00050000009099,Drosophila,NT,33
EMGT00050000009153,Drosophila,AA,22
EMGT00050000009190,Drosophila,AA,46
EMGT00050000009216,Drosophila,NT,47
EMGT00050000009254,Drosophila,AA,43
EMGT00050000009254,Drosophila,NT,34
EMGT00050000009269,Drosophila,NT,45
EMGT00050000009320,Drosophila,AA,17
EMGT00050000009322,Drosophila,AA,7
EMGT00050000009338,Drosophila,AA,22
EMGT00050000009355,Drosophila,AA,48
EMGT00050000009358,Drosophila,AA,11
EMGT00050000009358,Drosophila,NT,8
EMGT00050000009366,Drosophila,NT,27
EMGT00050000009375,Drosophila,NT,16
EMGT00050000009408,Drosophila,AA,25
EMGT00050000009415,Drosophila,AA,40
EMGT00050000009417,Drosophila,AA,29
EMGT00050000009417,Drosophila,NT,26
EMGT00050000009419,Drosophila,AA,40
EMGT00050000009419,Drosophila,NT,2
EMGT00050000009431,Drosophila,AA,18
EMGT00050000009431,Drosophila,NT,17
EMGT00050000009432,Drosophila,AA,28
EMGT00050000009432,Drosophila,NT,27
EMGT00050000009440,Drosophila,AA,36
EMGT00050000009444,Drosophila,AA,47
EMGT00050000009444,Drosophila,NT,48
ENSGT00390000000018,Euteleostomi,AA,28
ENSGT00390000000050,Euteleostomi,AA,18
ENSGT00390000000050,Euteleostomi,NT,17
ENSGT00390000000051,Euteleostomi,NT,3
ENSGT00390000000060,Euteleostomi,NT,24
ENSGT00390000000068,Euteleostomi,AA,13
ENSGT00390000000068,Euteleostomi,NT,21
ENSGT00390000000083,Euteleostomi,AA,35
ENSGT00390000000087,Euteleostomi,NT,35
ENSGT00390000000096,Euteleostomi,NT,6
ENSGT00390000000118,Euteleostomi,NT,24
ENSGT00390000000167,Euteleostomi,AA,42
ENSGT00390000000167,Euteleostomi,NT,35
ENSGT00390000000190,Euteleostomi,AA,33
ENSGT00390000000220,Euteleostomi,NT,6
ENSGT00390000000236,Euteleostomi,NT,38
ENSGT00390000000259,Euteleostomi,AA,46
ENSGT00390000000259,Euteleostomi,NT,49
ENSGT00390000000288,Euteleostomi,AA,19
ENSGT00390000000288,Euteleostomi,NT,16
ENSGT00390000000292,Euteleostomi,NT,44
ENSGT00390000000306,Euteleostomi,AA,42
ENSGT00390000000306,Euteleostomi,NT,35
ENSGT00390000000311,Euteleostomi,AA,30
ENSGT00390000000337,Euteleostomi,AA,23
ENSGT00390000000337,Euteleostomi,NT,11
ENSGT00390000000358,Euteleostomi,AA,17
ENSGT00390000000358,Euteleostomi,NT,25
ENSGT00390000000376,Euteleostomi,AA,44
ENSGT00390000000376,Euteleostomi,NT,8
ENSGT00390000000403,Euteleostomi,NT,37
ENSGT00390000000406,Euteleostomi,NT,12
ENSGT00390000000411,Euteleostomi,NT,25
ENSGT00390000000412,Euteleostomi,NT,40
ENSGT00390000000420,Euteleostomi,AA,33
ENSGT00390000000444,Euteleostomi,NT,7
ENSGT00390000000447,Euteleostomi,AA,47
ENSGT00390000000451,Euteleostomi,AA,3
ENSGT00390000000451,Euteleostomi,NT,10
ENSGT00390000000455,Euteleostomi,AA,10
ENSGT00390000000463,Euteleostomi,NT,29
ENSGT00390000000464,Euteleostomi,AA,5
ENSGT00390000000472,Euteleostomi,AA,14
ENSGT00390000000472,Euteleostomi,NT,26
ENSGT00390000000510,Euteleostomi,NT,49
ENSGT00390000000523,Euteleostomi,AA,10
ENSGT00390000000523,Euteleostomi,NT,22
ENSGT00390000000537,Euteleostomi,AA,42
ENSGT00390000000543,Euteleostomi,AA,33
ENSGT00390000000543,Euteleostomi,NT,44
ENSGT00390000000546,Euteleostomi,AA,3
ENSGT00390000000546,Euteleostomi,NT,24
ENSGT00390000000549,Euteleostomi,AA,7
ENSGT00390000000549,Euteleostomi,NT,33
ENSGT00390000000568,Euteleostomi,AA,45
ENSGT00390000000568,Euteleostomi,NT,4
ENSGT00390000000571,Euteleostomi,AA,37
ENSGT00390000000583,Euteleostomi,AA,26
ENSGT00390000000603,Euteleostomi,AA,49
ENSGT00390000000603,Euteleostomi,NT,46
ENSGT00390000000616,Euteleostomi,NT,46
ENSGT00390000000617,Euteleostomi,NT,14
ENSGT00390000000636,Euteleostomi,AA,27
ENSGT00390000000645,Euteleostomi,NT,33
ENSGT00390000000668,Euteleostomi,NT,38
ENSGT00390000000687,Euteleostomi,AA,6
ENSGT00390000000687,Euteleostomi,NT,11
ENSGT00390000000696,Euteleostomi,NT,23
ENSGT00390000000705,Euteleostomi,AA,37
ENSGT00390000000705,Euteleostomi,NT,40
ENSGT00390000000709,Euteleostomi,AA,45
ENSGT00390000000709,Euteleostomi,NT,32
ENSGT00390000000715,Euteleostomi,AA,12
ENSGT00390000000715,Euteleostomi,NT,20
ENSGT00390000000724,Euteleostomi,AA,36
ENSGT00390000000732,Euteleostomi,AA,16
ENSGT00390000000732,Euteleostomi,NT,19
ENSGT00390000000756,Euteleostomi,AA,42
ENSGT00390000000787,Euteleostomi,AA,20
ENSGT00390000000787,Euteleostomi,NT,12
ENSGT00390000000805,Euteleostomi,NT,29
ENSGT00390000000819,Euteleostomi,AA,34
ENSGT00390000000847,Euteleostomi,NT,16
ENSGT00390000000862,Euteleostomi,AA,17
ENSGT00390000000878,Euteleostomi,NT,32
ENSGT00390000000885,Euteleostomi,AA,43
ENSGT00390000000885,Euteleostomi,NT,34
ENSGT00390000000909,Euteleostomi,AA,12
ENSGT00390000000909,Euteleostomi,NT,20
ENSGT00390000000915,Euteleostomi,AA,45
ENSGT00390000000932,Euteleostomi,AA,39
ENSGT00390000000932,Euteleostomi,NT,36
ENSGT00390000000938,Euteleostomi,NT,9
ENSGT00390000000954,Euteleostomi,NT,10
ENSGT00390000000972,Euteleostomi,NT,46
ENSGT00390000000973,Euteleostomi,NT,29
ENSGT00390000000980,Euteleostomi,AA,20
ENSGT00390000000980,Euteleostomi,NT,12
ENSGT00390000000987,Euteleostomi,NT,45
ENSGT00390000000993,Euteleostomi,AA,25
ENSGT00390000001008,Euteleostomi,NT,35
ENSGT00390000001016,Euteleostomi,NT,10
ENSGT00390000001038,Euteleostomi,NT,43
ENSGT00390000001041,Euteleostomi,AA,20
ENSGT00390000001041,Euteleostomi,NT,12
ENSGT00390000001046,Euteleostomi,NT,45
ENSGT00390000001053,Euteleostomi,AA,32
ENSGT00390000001053,Euteleostomi,NT,45
ENSGT00390000001055,Euteleostomi,NT,40
ENSGT00390000001062,Euteleostomi,AA,16
ENSGT00390000001063,Euteleostomi,NT,33
ENSGT00390000001083,Euteleostomi,NT,9
ENSGT00390000001101,Euteleostomi,AA,8
ENSGT00390000001132,Euteleostomi,NT,8
ENSGT00390000001134,Euteleostomi,AA,45
ENSGT00390000001146,Euteleostomi,AA,31
ENSGT00390000001146,Euteleostomi,NT,46
ENSGT00390000001159,Euteleostomi,AA,46
ENSGT00390000001170,Euteleostomi,AA,42
ENSGT00390000001170,Euteleostomi,NT,35
ENSGT00390000001195,Euteleostomi,AA,21
ENSGT00390000001195,Euteleostomi,NT,8
ENSGT00390000001205,Euteleostomi,NT,21
ENSGT00390000001206,Euteleostomi,NT,1
ENSGT00390000001251,Euteleostomi,NT,46
ENSGT00390000001254,Euteleostomi,AA,14
ENSGT00390000001254,Euteleostomi,NT,26
ENSGT00390000001277,Euteleostomi,NT,10
ENSGT00390000001278,Euteleostomi,AA,35
ENSGT00390000001278,Euteleostomi,NT,42
ENSGT00390000001285,Euteleostomi,AA,33
ENSGT00390000001285,Euteleostomi,NT,44
ENSGT00390000001296,Euteleostomi,AA,36
ENSGT00390000001296,Euteleostomi,NT,39
ENSGT00390000001301,Euteleostomi,NT,10
ENSGT00390000001322,Euteleostomi,AA,14
ENSGT00390000001332,Euteleostomi,AA,49
ENSGT00390000001332,Euteleostomi,NT,46
ENSGT00390000001347,Euteleostomi,NT,20
ENSGT00390000001374,Euteleostomi,NT,33
ENSGT00390000001437,Euteleostomi,AA,33
ENSGT00390000001437,Euteleostomi,NT,3
ENSGT00390000001442,Euteleostomi,NT,22
ENSGT00390000001443,Euteleostomi,NT,35
ENSGT00390000001446,Euteleostomi,AA,22
ENSGT00390000001446,Euteleostomi,NT,10
ENSGT00390000001466,Euteleostomi,NT,43
ENSGT00390000001474,Euteleostomi,AA,26
ENSGT00390000001474,Euteleostomi,NT,29
ENSGT00390000001482,Euteleostomi,AA,38
ENSGT00390000001482,Euteleostomi,NT,37
ENSGT00390000001485,Euteleostomi,AA,17
ENSGT00390000001491,Euteleostomi,AA,45
ENSGT00390000001504,Euteleostomi,AA,23
ENSGT00390000001517,Euteleostomi,AA,26
ENSGT00390000001517,Euteleostomi,NT,14
ENSGT00390000001536,Euteleostomi,AA,27
ENSGT00390000001545,Euteleostomi,AA,44
ENSGT00390000001545,Euteleostomi,NT,33
ENSGT00390000001559,Euteleostomi,AA,13
ENSGT00390000001559,Euteleostomi,NT,21
ENSGT00390000001566,Euteleostomi,NT,38
ENSGT00390000001586,Euteleostomi,AA,34
ENSGT00390000001586,Euteleostomi,NT,43
ENSGT00390000001588,Euteleostomi,AA,34
ENSGT00390000001607,Euteleostomi,AA,34
ENSGT00390000001607,Euteleostomi,NT,8
ENSGT00390000001619,Euteleostomi,NT,23
ENSGT00390000001626,Euteleostomi,AA,35
ENSGT00390000001627,Euteleostomi,AA,22
ENSGT00390000001654,Euteleostomi,NT,36
ENSGT00390000001660,Euteleostomi,AA,40
ENSGT00390000001695,Euteleostomi,AA,43
ENSGT00390000001731,Euteleostomi,NT,3
ENSGT00390000001737,Euteleostomi,AA,41
ENSGT00390000001737,Euteleostomi,NT,36
ENSGT00390000001738,Euteleostomi,AA,1
ENSGT00390000001758,Euteleostomi,NT,47
ENSGT00390000001775,Euteleostomi,AA,43
ENSGT00390000001775,Euteleostomi,NT,34
ENSGT00390000001799,Euteleostomi,NT,7
ENSGT00390000001801,Euteleostomi,AA,23
ENSGT00390000001803,Euteleostomi,AA,14
ENSGT00390000001805,Euteleostomi,AA,11
ENSGT00390000001805,Euteleostomi,NT,23
ENSGT00390000001847,Euteleostomi,NT,21
ENSGT00390000001859,Euteleostomi,NT,39
ENSGT00390000001867,Euteleostomi,AA,40
ENSGT00390000001867,Euteleostomi,NT,37
ENSGT00390000001905,Euteleostomi,AA,12
ENSGT00390000001907,Euteleostomi,NT,17
ENSGT00390000001927,Euteleostomi,AA,33
ENSGT00390000001927,Euteleostomi,NT,44
ENSGT00390000001951,Euteleostomi,AA,30
ENSGT00390000001960,Euteleostomi,NT,26
ENSGT00390000001979,Euteleostomi,AA,23
ENSGT00390000001979,Euteleostomi,NT,11
ENSGT00390000001986,Euteleostomi,AA,12
ENSGT00390000001986,Euteleostomi,NT,20
ENSGT00390000002016,Euteleostomi,AA,2
ENSGT00390000002016,Euteleostomi,NT,31
ENSGT00390000002024,Euteleostomi,AA,42
ENSGT00390000002024,Euteleostomi,NT,3
ENSGT00390000002031,Euteleostomi,AA,42
ENSGT00390000002034,Euteleostomi,AA,22
ENSGT00390000002038,Euteleostomi,NT,27
ENSGT00390000002042,Euteleostomi,AA,21
ENSGT00390000002061,Euteleostomi,AA,17
ENSGT00390000002061,Euteleostomi,NT,18
ENSGT00390000002069,Euteleostomi,AA,12
ENSGT00390000002069,Euteleostomi,NT,20
ENSGT00390000002077,Euteleostomi,AA,6
ENSGT00390000002077,Euteleostomi,NT,40
ENSGT00390000002089,Euteleostomi,NT,23
ENSGT00390000002105,Euteleostomi,AA,40
ENSGT00390000002105,Euteleostomi,NT,37
ENSGT00390000002109,Euteleostomi,AA,9
ENSGT00390000002110,Euteleostomi,AA,38
ENSGT00390000002155,Euteleostomi,AA,28
ENSGT00390000002155,Euteleostomi,NT,27
ENSGT00390000002164,Euteleostomi,NT,46
ENSGT00390000002174,Euteleostomi,NT,26
ENSGT00390000002201,Euteleostomi,NT,32
ENSGT00390000002211,Euteleostomi,NT,17
ENSGT00390000002215,Euteleostomi,AA,17
ENSGT00390000002215,Euteleostomi,NT,9
ENSGT00390000002222,Euteleostomi,AA,36
ENSGT00390000002222,Euteleostomi,NT,39
ENSGT00390000002223,Euteleostomi,AA,21
ENSGT00390000002226,Euteleostomi,NT,1
ENSGT00390000002232,Euteleostomi,AA,13
ENSGT00390000002234,Euteleostomi,AA,16
ENSGT00390000002234,Euteleostomi,NT,24
ENSGT00390000002236,Euteleostomi,NT,13
ENSGT00390000002245,Euteleostomi,NT,35
ENSGT00390000002259,Euteleostomi,NT,27
ENSGT00390000002288,Euteleostomi,AA,3
ENSGT00390000002288,Euteleostomi,NT,45
ENSGT00390000002308,Euteleostomi,NT,23
ENSGT00390000002316,Euteleostomi,NT,43
ENSGT00390000002373,Euteleostomi,NT,45
ENSGT00390000002422,Euteleostomi,AA,12
ENSGT00390000002461,Euteleostomi,NT,35
ENSGT00390000002485,Euteleostomi,AA,36
ENSGT00390000002485,Euteleostomi,NT,39
ENSGT00390000002505,Euteleostomi,AA,28
ENSGT00390000002509,Euteleostomi,AA,22
ENSGT00390000002528,Euteleostomi,AA,23
ENSGT00390000002533,Euteleostomi,NT,11
ENSGT00390000002579,Euteleostomi,NT,16
ENSGT00390000002596,Euteleostomi,AA,48
ENSGT00390000002596,Euteleostomi,NT,47
ENSGT00390000002615,Euteleostomi,AA,9
ENSGT00390000002615,Euteleostomi,NT,1
ENSGT00390000002635,Euteleostomi,NT,23
ENSGT00390000002637,Euteleostomi,AA,26
ENSGT00390000002664,Euteleostomi,AA,16
ENSGT00390000002675,Euteleostomi,NT,16
ENSGT00390000002693,Euteleostomi,AA,2
ENSGT00390000002693,Euteleostomi,NT,10
ENSGT00390000002713,Euteleostomi,NT,33
ENSGT00390000002716,Euteleostomi,AA,24
ENSGT00390000002716,Euteleostomi,NT,16
ENSGT00390000002721,Euteleostomi,NT,37
ENSGT00390000002727,Euteleostomi,AA,45
ENSGT00390000002727,Euteleostomi,NT,32
ENSGT00390000002731,Euteleostomi,AA,20
ENSGT00390000002731,Euteleostomi,NT,9
ENSGT00390000002740,Euteleostomi,AA,49
ENSGT00390000002740,Euteleostomi,NT,46
ENSGT00390000002757,Euteleostomi,NT,34
ENSGT00390000002781,Euteleostomi,AA,33
ENSGT00390000002781,Euteleostomi,NT,44
ENSGT00390000002821,Euteleostomi,NT,5
ENSGT00390000002837,Euteleostomi,AA,34
ENSGT00390000002856,Euteleostomi,AA,45
ENSGT00390000002856,Euteleostomi,NT,32
ENSGT00390000002865,Euteleostomi,NT,21
ENSGT00390000002868,Euteleostomi,AA,33
ENSGT00390000002869,Euteleostomi,AA,9
ENSGT00390000002881,Euteleostomi,NT,10
ENSGT00390000002886,Euteleostomi,AA,48
ENSGT00390000002886,Euteleostomi,NT,47
ENSGT00390000002905,Euteleostomi,NT,44
ENSGT00390000002931,Euteleostomi,AA,2
ENSGT00390000002931,Euteleostomi,NT,45
ENSGT00390000002970,Euteleostomi,NT,22
ENSGT00390000002993,Euteleostomi,NT,44
ENSGT00390000003020,Euteleostomi,AA,47
ENSGT00390000003020,Euteleostomi,NT,30
ENSGT00390000003044,Euteleostomi,AA,13
ENSGT00390000003044,Euteleostomi,NT,21
ENSGT00390000003047,Euteleostomi,AA,33
ENSGT00390000003047,Euteleostomi,NT,44
ENSGT00390000003070,Euteleostomi,AA,12
ENSGT00390000003100,Euteleostomi,AA,17
ENSGT00390000003100,Euteleostomi,NT,18
ENSGT00390000003127,Euteleostomi,NT,21
ENSGT00390000003140,Euteleostomi,AA,22
ENSGT00390000003161,Euteleostomi,AA,23
ENSGT00390000003167,Euteleostomi,NT,2
ENSGT00390000003175,Euteleostomi,NT,1
ENSGT00390000003182,Euteleostomi,AA,45
ENSGT00390000003183,Euteleostomi,AA,17
ENSGT00390000003183,Euteleostomi,NT,25
ENSGT00390000003209,Euteleostomi,AA,32
ENSGT00390000003209,Euteleostomi,NT,45
ENSGT00390000003210,Euteleostomi,AA,38
ENSGT00390000003213,Euteleostomi,NT,17
ENSGT00390000003219,Euteleostomi,NT,18
ENSGT00390000003223,Euteleostomi,NT,24
ENSGT00390000003249,Euteleostomi,AA,42
ENSGT00390000003281,Euteleostomi,NT,2
ENSGT00390000003282,Euteleostomi,AA,37
ENSGT00390000003282,Euteleostomi,NT,38
ENSGT00390000003283,Euteleostomi,NT,12
ENSGT00390000003288,Euteleostomi,NT,37
ENSGT00390000003290,Euteleostomi,NT,17
ENSGT00390000003292,Euteleostomi,AA,8
ENSGT00390000003298,Euteleostomi,AA,20
ENSGT00390000003303,Euteleostomi,AA,46
ENSGT00390000003344,Euteleostomi,AA,19
ENSGT00390000003354,Euteleostomi,NT,33
ENSGT00390000003368,Euteleostomi,AA,38
ENSGT00390000003368,Euteleostomi,NT,37
ENSGT00390000003374,Euteleostomi,AA,17
ENSGT00390000003403,Euteleostomi,AA,19
ENSGT00390000003403,Euteleostomi,NT,16
ENSGT00390000003405,Euteleostomi,NT,13
ENSGT00390000003414,Euteleostomi,AA,13
ENSGT00390000003414,Euteleostomi,NT,21
ENSGT00390000003427,Euteleostomi,AA,45
ENSGT00390000003427,Euteleostomi,NT,32
ENSGT00390000003443,Euteleostomi,AA,11
ENSGT00390000003450,Euteleostomi,AA,14
ENSGT00390000003453,Euteleostomi,AA,34
ENSGT00390000003464,Euteleostomi,AA,28
ENSGT00390000003464,Euteleostomi,NT,27
ENSGT00390000003466,Euteleostomi,AA,22
ENSGT00390000003466,Euteleostomi,NT,10
ENSGT00390000003477,Euteleostomi,AA,10
ENSGT00390000003480,Euteleostomi,AA,24
ENSGT00390000003480,Euteleostomi,NT,16
ENSGT00390000003502,Euteleostomi,AA,30
ENSGT00390000003512,Euteleostomi,NT,3
ENSGT00390000003581,Euteleostomi,AA,48
ENSGT00390000003587,Euteleostomi,AA,2
ENSGT00390000003602,Euteleostomi,NT,35
ENSGT00390000003618,Euteleostomi,AA,10
ENSGT00390000003618,Euteleostomi,NT,22
ENSGT00390000003628,Euteleostomi,AA,23
ENSGT00390000003628,Euteleostomi,NT,11
ENSGT00390000003643,Euteleostomi,AA,18
ENSGT00390000003643,Euteleostomi,NT,17
ENSGT00390000003668,Euteleostomi,AA,16
ENSGT00390000003668,Euteleostomi,NT,19
ENSGT00390000003677,Euteleostomi,AA,24
ENSGT00390000003677,Euteleostomi,NT,16
ENSGT00390000003715,Euteleostomi,NT,44
ENSGT00390000003748,Euteleostomi,AA,46
ENSGT00390000003748,Euteleostomi,NT,31
ENSGT00390000003749,Euteleostomi,NT,26
ENSGT00390000003751,Euteleostomi,AA,34
ENSGT00390000003758,Euteleostomi,NT,29
ENSGT00390000003759,Euteleostomi,AA,49
ENSGT00390000003768,Euteleostomi,AA,15
ENSGT00390000003768,Euteleostomi,NT,27
ENSGT00390000003812,Euteleostomi,AA,6
ENSGT00390000003812,Euteleostomi,NT,47
ENSGT00390000003828,Euteleostomi,AA,49
ENSGT00390000003828,Euteleostomi,NT,46
ENSGT00390000003836,Euteleostomi,NT,26
ENSGT00390000003837,Euteleostomi,NT,31
ENSGT00390000003851,Euteleostomi,AA,25
ENSGT00390000003851,Euteleostomi,NT,17
ENSGT00390000003855,Euteleostomi,AA,6
ENSGT00390000003855,Euteleostomi,NT,25
ENSGT00390000003858,Euteleostomi,AA,37
ENSGT00390000003858,Euteleostomi,NT,40
ENSGT00390000003878,Euteleostomi,AA,21
ENSGT00390000003901,Euteleostomi,AA,36
ENSGT00390000003901,Euteleostomi,NT,41
ENSGT00390000003910,Euteleostomi,NT,36
ENSGT00390000003912,Euteleostomi,AA,33
ENSGT00390000003912,Euteleostomi,NT,44
ENSGT00390000003919,Euteleostomi,AA,16
ENSGT00390000003924,Euteleostomi,AA,40
ENSGT00390000003947,Euteleostomi,AA,43
ENSGT00390000003947,Euteleostomi,NT,34
ENSGT00390000003948,Euteleostomi,NT,23
ENSGT00390000003967,Euteleostomi,AA,10
ENSGT00390000003967,Euteleostomi,NT,22
ENSGT00390000003969,Euteleostomi,NT,22
ENSGT00390000003998,Euteleostomi,NT,13
ENSGT00390000004010,Euteleostomi,NT,33
ENSGT00390000004036,Euteleostomi,AA,12
ENSGT00390000004040,Euteleostomi,AA,11
ENSGT00390000004040,Euteleostomi,NT,23
ENSGT00390000004053,Euteleostomi,NT,7
ENSGT00390000004077,Euteleostomi,AA,30
ENSGT00390000004077,Euteleostomi,NT,47
ENSGT00390000004096,Euteleostomi,NT,16
ENSGT00390000004097,Euteleostomi,AA,33
ENSGT00390000004118,Euteleostomi,AA,6
ENSGT00390000004118,Euteleostomi,NT,35
ENSGT00390000004140,Euteleostomi,AA,12
ENSGT00390000004140,Euteleostomi,NT,20
ENSGT00390000004141,Euteleostomi,AA,40
ENSGT00390000004141,Euteleostomi,NT,37
ENSGT00390000004145,Euteleostomi,NT,40
ENSGT00390000004153,Euteleostomi,AA,17
ENSGT00390000004153,Euteleostomi,NT,18
ENSGT00390000004169,Euteleostomi,AA,16
ENSGT00390000004169,Euteleostomi,NT,24
ENSGT00390000004172,Euteleostomi,AA,16
ENSGT00390000004190,Euteleostomi,NT,10
ENSGT00390000004211,Euteleostomi,AA,2
ENSGT00390000004248,Euteleostomi,AA,20
ENSGT00390000004254,Euteleostomi,AA,32
ENSGT00390000004311,Euteleostomi,NT,13
ENSGT00390000004313,Euteleostomi,AA,16
ENSGT00390000004313,Euteleostomi,NT,19
ENSGT00390000004343,Euteleostomi,AA,43
ENSGT00390000004348,Euteleostomi,NT,11
ENSGT00390000004352,Euteleostomi,NT,43
ENSGT00390000004368,Euteleostomi,AA,2
ENSGT00390000004368,Euteleostomi,NT,42
ENSGT00390000004377,Euteleostomi,NT,35
ENSGT00390000004385,Euteleostomi,NT,19
ENSGT00390000004396,Euteleostomi,AA,13
ENSGT00390000004402,Euteleostomi,AA,46
ENSGT00390000004409,Euteleostomi,NT,8
ENSGT00390000004417,Euteleostomi,AA,46
ENSGT00390000004420,Euteleostomi,NT,10
ENSGT00390000004454,Euteleostomi,AA,16
ENSGT00390000004458,Euteleostomi,AA,21
ENSGT00390000004493,Euteleostomi,AA,11
ENSGT00390000004495,Euteleostomi,NT,26
ENSGT00390000004496,Euteleostomi,NT,43
ENSGT00390000004520,Euteleostomi,AA,21
ENSGT00390000004520,Euteleostomi,NT,13
ENSGT00390000004541,Euteleostomi,AA,28
ENSGT00390000004541,Euteleostomi,NT,27
ENSGT00390000004546,Euteleostomi,AA,42
ENSGT00390000004546,Euteleostomi,NT,35
ENSGT00390000004581,Euteleostomi,NT,32
ENSGT00390000004595,Euteleostomi,NT,18
ENSGT00390000004599,Euteleostomi,AA,20
ENSGT00390000004612,Euteleostomi,AA,12
ENSGT00390000004719,Euteleostomi,NT,43
ENSGT00390000004735,Euteleostomi,NT,27
ENSGT00390000004746,Euteleostomi,NT,44
ENSGT00390000004772,Euteleostomi,NT,45
ENSGT00390000004786,Euteleostomi,AA,26
ENSGT00390000004786,Euteleostomi,NT,14
ENSGT00390000004796,Euteleostomi,AA,46
ENSGT00390000004796,Euteleostomi,NT,49
ENSGT00390000004798,Euteleostomi,NT,49
ENSGT00390000004832,Euteleostomi,AA,16
ENSGT00390000004842,Euteleostomi,AA,10
ENSGT00390000004842,Euteleostomi,NT,22
ENSGT00390000004855,Euteleostomi,AA,27
ENSGT00390000004872,Euteleostomi,AA,23
ENSGT00390000004872,Euteleostomi,NT,11
ENSGT00390000004877,Euteleostomi,AA,2
ENSGT00390000004881,Euteleostomi,AA,18
ENSGT00390000004886,Euteleostomi,AA,37
ENSGT00390000004886,Euteleostomi,NT,38
ENSGT00390000004888,Euteleostomi,AA,37
ENSGT00390000004888,Euteleostomi,NT,38
ENSGT00390000004897,Euteleostomi,AA,2
ENSGT00390000004902,Euteleostomi,NT,29
ENSGT00390000004904,Euteleostomi,NT,11
ENSGT00390000004913,Euteleostomi,AA,14
ENSGT00390000004913,Euteleostomi,NT,26
ENSGT00390000004927,Euteleostomi,AA,28
ENSGT00390000004927,Euteleostomi,NT,27
ENSGT00390000004928,Euteleostomi,NT,48
ENSGT00390000004930,Euteleostomi,AA,22
ENSGT00390000004933,Euteleostomi,AA,47
ENSGT00390000004933,Euteleostomi,NT,7
ENSGT00390000004964,Euteleostomi,AA,45
ENSGT00390000004976,Euteleostomi,AA,12
ENSGT00390000004977,Euteleostomi,AA,40
ENSGT00390000004977,Euteleostomi,NT,37
ENSGT00390000004994,Euteleostomi,AA,26
ENSGT00390000004994,Euteleostomi,NT,29
ENSGT00390000005003,Euteleostomi,AA,33
ENSGT00390000005023,Euteleostomi,NT,17
ENSGT00390000005029,Euteleostomi,AA,1
ENSGT00390000005029,Euteleostomi,NT,25
ENSGT00390000005033,Euteleostomi,AA,45
ENSGT00390000005037,Euteleostomi,AA,32
ENSGT00390000005037,Euteleostomi,NT,45
ENSGT00390000005058,Euteleostomi,NT,34
ENSGT00390000005065,Euteleostomi,AA,15
ENSGT00390000005075,Euteleostomi,AA,48
ENSGT00390000005082,Euteleostomi,AA,39
ENSGT00390000005089,Euteleostomi,AA,21
ENSGT00390000005094,Euteleostomi,AA,24
ENSGT00390000005094,Euteleostomi,NT,1
ENSGT00390000005100,Euteleostomi,NT,22
ENSGT00390000005125,Euteleostomi,AA,23
ENSGT00390000005125,Euteleostomi,NT,11
ENSGT00390000005130,Euteleostomi,AA,4
ENSGT00390000005130,Euteleostomi,NT,11
ENSGT00390000005131,Euteleostomi,AA,34
ENSGT00390000005147,Euteleostomi,AA,37
ENSGT00390000005159,Euteleostomi,AA,12
ENSGT00390000005159,Euteleostomi,NT,3
ENSGT00390000005163,Euteleostomi,AA,9
ENSGT00390000005194,Euteleostomi,NT,28
ENSGT00390000005197,Euteleostomi,NT,35
ENSGT00390000005213,Euteleostomi,AA,22
ENSGT00390000005218,Euteleostomi,AA,42
ENSGT00390000005227,Euteleostomi,AA,23
ENSGT00390000005227,Euteleostomi,NT,11
ENSGT00390000005232,Euteleostomi,NT,11
ENSGT00390000005250,Euteleostomi,NT,7
ENSGT00390000005261,Euteleostomi,AA,13
ENSGT00390000005306,Euteleostomi,AA,1
ENSGT00390000005306,Euteleostomi,NT,9
ENSGT00390000005323,Euteleostomi,NT,20
ENSGT00390000005330,Euteleostomi,AA,17
ENSGT00390000005338,Euteleostomi,AA,12
ENSGT00390000005338,Euteleostomi,NT,20
ENSGT00390000005342,Euteleostomi,NT,29
ENSGT00390000005351,Euteleostomi,NT,11
ENSGT00390000005362,Euteleostomi,AA,48
ENSGT00390000005362,Euteleostomi,NT,47
ENSGT00390000005372,Euteleostomi,NT,1
ENSGT00390000005396,Euteleostomi,AA,19
ENSGT00390000005396,Euteleostomi,NT,16
ENSGT00390000005410,Euteleostomi,AA,26
ENSGT00390000005412,Euteleostomi,AA,11
ENSGT00390000005434,Euteleostomi,NT,30
ENSGT00390000005436,Euteleostomi,AA,35
ENSGT00390000005486,Euteleostomi,AA,26
ENSGT00390000005486,Euteleostomi,NT,14
ENSGT00390000005488,Euteleostomi,NT,14
ENSGT00390000005497,Euteleostomi,AA,29
ENSGT00390000005498,Euteleostomi,AA,46
ENSGT00390000005535,Euteleostomi,AA,16
ENSGT00390000005535,Euteleostomi,NT,19
ENSGT00390000005544,Euteleostomi,NT,35
ENSGT00390000005550,Euteleostomi,NT,1
ENSGT00390000005553,Euteleostomi,AA,48
ENSGT00390000005553,Euteleostomi,NT,47
ENSGT00390000005554,Euteleostomi,NT,10
ENSGT00390000005563,Euteleostomi,AA,46
ENSGT00390000005565,Euteleostomi,NT,34
ENSGT00390000005575,Euteleostomi,NT,11
ENSGT00390000005599,Euteleostomi,NT,25
ENSGT00390000005605,Euteleostomi,AA,12
ENSGT00390000005606,Euteleostomi,AA,32
ENSGT00390000005606,Euteleostomi,NT,45
ENSGT00390000005623,Euteleostomi,NT,33
ENSGT00390000005646,Euteleostomi,AA,42
ENSGT00390000005655,Euteleostomi,AA,47
ENSGT00390000005655,Euteleostomi,NT,30
ENSGT00390000005656,Euteleostomi,AA,9
ENSGT00390000005656,Euteleostomi,NT,1
ENSGT00390000005665,Euteleostomi,NT,46
ENSGT00390000005666,Euteleostomi,NT,23
ENSGT00390000005669,Euteleostomi,AA,43
ENSGT00390000005689,Euteleostomi,NT,37
ENSGT00390000005700,Euteleostomi,AA,34
ENSGT00390000005702,Euteleostomi,AA,46
ENSGT00390000005702,Euteleostomi,NT,31
ENSGT00390000005703,Euteleostomi,NT,26
ENSGT00390000005712,Euteleostomi,NT,29
ENSGT00390000005715,Euteleostomi,AA,34
ENSGT00390000005715,Euteleostomi,NT,43
ENSGT00390000005717,Euteleostomi,AA,46
ENSGT00390000005720,Euteleostomi,NT,10
ENSGT00390000005728,Euteleostomi,AA,6
ENSGT00390000005743,Euteleostomi,AA,21
ENSGT00390000005743,Euteleostomi,NT,13
ENSGT00390000005754,Euteleostomi,AA,16
ENSGT00390000005764,Euteleostomi,AA,25
ENSGT00390000005764,Euteleostomi,NT,17
ENSGT00390000005767,Euteleostomi,AA,40
ENSGT00390000005767,Euteleostomi,NT,5
ENSGT00390000005772,Euteleostomi,AA,38
ENSGT00390000005772,Euteleostomi,NT,37
ENSGT00390000005773,Euteleostomi,AA,12
ENSGT00390000005773,Euteleostomi,NT,8
ENSGT00390000005787,Euteleostomi,AA,43
ENSGT00390000005801,Euteleostomi,NT,45
ENSGT00390000005811,Euteleostomi,NT,2
ENSGT00390000005830,Euteleostomi,NT,24
ENSGT00390000005844,Euteleostomi,AA,9
ENSGT00390000005845,Euteleostomi,NT,42
ENSGT00390000005855,Euteleostomi,AA,10
ENSGT00390000005869,Euteleostomi,AA,29
ENSGT00390000005869,Euteleostomi,NT,26
ENSGT00390000005870,Euteleostomi,AA,23
ENSGT00390000005889,Euteleostomi,AA,17
ENSGT00390000005889,Euteleostomi,NT,25
ENSGT00390000005895,Euteleostomi,NT,37
ENSGT00390000005900,Euteleostomi,AA,26
ENSGT00390000005903,Euteleostomi,NT,34
ENSGT00390000005939,Euteleostomi,AA,42
ENSGT00390000005972,Euteleostomi,NT,18
ENSGT00390000006040,Euteleostomi,NT,35
ENSGT00390000006043,Euteleostomi,AA,27
ENSGT00390000006046,Euteleostomi,NT,30
ENSGT00390000006086,Euteleostomi,NT,18
ENSGT00390000006095,Euteleostomi,AA,2
ENSGT00390000006103,Euteleostomi,NT,23
ENSGT00390000006124,Euteleostomi,AA,28
ENSGT00390000006124,Euteleostomi,NT,27
ENSGT00390000006173,Euteleostomi,AA,17
ENSGT00390000006173,Euteleostomi,NT,25
ENSGT00390000006176,Euteleostomi,NT,45
ENSGT00390000006208,Euteleostomi,NT,31
ENSGT00390000006211,Euteleostomi,NT,43
ENSGT00390000006215,Euteleostomi,AA,43
ENSGT00390000006215,Euteleostomi,NT,34
ENSGT00390000006243,Euteleostomi,AA,7
ENSGT00390000006243,Euteleostomi,NT,21
ENSGT00390000006244,Euteleostomi,AA,44
ENSGT00390000006244,Euteleostomi,NT,33
ENSGT00390000006245,Euteleostomi,AA,9
ENSGT00390000006252,Euteleostomi,NT,13
ENSGT00390000006265,Euteleostomi,AA,45
ENSGT00390000006283,Euteleostomi,NT,5
ENSGT00390000006285,Euteleostomi,AA,46
ENSGT00390000006285,Euteleostomi,NT,49
ENSGT00390000006297,Euteleostomi,NT,8
ENSGT00390000006303,Euteleostomi,AA,18
ENSGT00390000006303,Euteleostomi,NT,17
ENSGT00390000006305,Euteleostomi,AA,20
ENSGT00390000006305,Euteleostomi,NT,12
ENSGT00390000006314,Euteleostomi,AA,12
ENSGT00390000006314,Euteleostomi,NT,20
ENSGT00390000006320,Euteleostomi,AA,13
ENSGT00390000006320,Euteleostomi,NT,7
ENSGT00390000006337,Euteleostomi,AA,24
ENSGT00390000006344,Euteleostomi,AA,47
ENSGT00390000006344,Euteleostomi,NT,48
ENSGT00390000006349,Euteleostomi,AA,22
ENSGT00390000006349,Euteleostomi,NT,8
ENSGT00390000006356,Euteleostomi,AA,10
ENSGT00390000006356,Euteleostomi,NT,22
ENSGT00390000006370,Euteleostomi,NT,31
ENSGT00390000006393,Euteleostomi,NT,12
ENSGT00390000006395,Euteleostomi,NT,17
ENSGT00390000006399,Euteleostomi,AA,12
ENSGT00390000006412,Euteleostomi,NT,47
ENSGT00390000006420,Euteleostomi,AA,34
ENSGT00390000006420,Euteleostomi,NT,43
ENSGT00390000006425,Euteleostomi,NT,23
ENSGT00390000006448,Euteleostomi,AA,12
ENSGT00390000006448,Euteleostomi,NT,20
ENSGT00390000006459,Euteleostomi,AA,20
ENSGT00390000006465,Euteleostomi,AA,19
ENSGT00390000006465,Euteleostomi,NT,16
ENSGT00390000006469,Euteleostomi,AA,13
ENSGT00390000006482,Euteleostomi,AA,35
ENSGT00390000006482,Euteleostomi,NT,42
ENSGT00390000006485,Euteleostomi,AA,27
ENSGT00390000006485,Euteleostomi,NT,15
ENSGT00390000006486,Euteleostomi,NT,35
ENSGT00390000006493,Euteleostomi,AA,42
ENSGT00390000006493,Euteleostomi,NT,35
ENSGT00390000006494,Euteleostomi,AA,28
ENSGT00390000006494,Euteleostomi,NT,27
ENSGT00390000006540,Euteleostomi,NT,26
ENSGT00390000006544,Euteleostomi,NT,14
ENSGT00390000006546,Euteleostomi,AA,11
ENSGT00390000006546,Euteleostomi,NT,23
ENSGT00390000006573,Euteleostomi,AA,42
ENSGT00390000006573,Euteleostomi,NT,35
ENSGT00390000006574,Euteleostomi,AA,28
ENSGT00390000006574,Euteleostomi,NT,27
ENSGT00390000006585,Euteleostomi,AA,19
ENSGT00390000006585,Euteleostomi,NT,16
ENSGT00390000006595,Euteleostomi,AA,44
ENSGT00390000006595,Euteleostomi,NT,33
ENSGT00390000006601,Euteleostomi,AA,44
ENSGT00390000006603,Euteleostomi,AA,36
ENSGT00390000006603,Euteleostomi,NT,39
ENSGT00390000006620,Euteleostomi,AA,45
ENSGT00390000006631,Euteleostomi,NT,45
ENSGT00390000006633,Euteleostomi,NT,37
ENSGT00390000006634,Euteleostomi,NT,25
ENSGT00390000006641,Euteleostomi,NT,43
ENSGT00390000006643,Euteleostomi,AA,46
ENSGT00390000006643,Euteleostomi,NT,49
ENSGT00390000006658,Euteleostomi,NT,31
ENSGT00390000006663,Euteleostomi,AA,28
ENSGT00390000006663,Euteleostomi,NT,27
ENSGT00390000006670,Euteleostomi,AA,10
ENSGT00390000006705,Euteleostomi,NT,47
ENSGT00390000006718,Euteleostomi,AA,35
ENSGT00390000006718,Euteleostomi,NT,42
ENSGT00390000006729,Euteleostomi,AA,11
ENSGT00390000006729,Euteleostomi,NT,5
ENSGT00390000006734,Euteleostomi,AA,29
ENSGT00390000006744,Euteleostomi,AA,12
ENSGT00390000006744,Euteleostomi,NT,20
ENSGT00390000006753,Euteleostomi,AA,18
ENSGT00390000006753,Euteleostomi,NT,17
ENSGT00390000006760,Euteleostomi,AA,8
ENSGT00390000006760,Euteleostomi,NT,41
ENSGT00390000006762,Euteleostomi,AA,44
ENSGT00390000006762,Euteleostomi,NT,33
ENSGT00390000006768,Euteleostomi,AA,3
ENSGT00390000006784,Euteleostomi,NT,35
ENSGT00390000006788,Euteleostomi,AA,48
ENSGT00390000006790,Euteleostomi,AA,10
ENSGT00390000006790,Euteleostomi,NT,22
ENSGT00390000006791,Euteleostomi,AA,42
ENSGT00390000006791,Euteleostomi,NT,35
ENSGT00390000006806,Euteleostomi,NT,33
ENSGT00390000006809,Euteleostomi,AA,16
ENSGT00390000006809,Euteleostomi,NT,19
ENSGT00390000006821,Euteleostomi,AA,38
ENSGT00390000006821,Euteleostomi,NT,37
ENSGT00390000006835,Euteleostomi,AA,12
ENSGT00390000006843,Euteleostomi,AA,11
ENSGT00390000006843,Euteleostomi,NT,4
ENSGT00390000006862,Euteleostomi,AA,7
ENSGT00390000006862,Euteleostomi,NT,22
ENSGT00390000006867,Euteleostomi,AA,35
ENSGT00390000006874,Euteleostomi,AA,30
ENSGT00390000006879,Euteleostomi,AA,10
ENSGT00390000006879,Euteleostomi,NT,22
ENSGT00390000006883,Euteleostomi,AA,41
ENSGT00390000006896,Euteleostomi,AA,39
ENSGT00390000006913,Euteleostomi,AA,47
ENSGT00390000006930,Euteleostomi,AA,34
ENSGT00390000006930,Euteleostomi,NT,43
ENSGT00390000006935,Euteleostomi,NT,23
ENSGT00390000006975,Euteleostomi,AA,19
ENSGT00390000006975,Euteleostomi,NT,16
ENSGT00390000006976,Euteleostomi,AA,39
ENSGT00390000006976,Euteleostomi,NT,36
ENSGT00390000006980,Euteleostomi,NT,28
ENSGT00390000006985,Euteleostomi,AA,47
ENSGT00390000006985,Euteleostomi,NT,48
ENSGT00390000007027,Euteleostomi,AA,44
ENSGT00390000007058,Euteleostomi,NT,22
ENSGT00390000007069,Euteleostomi,AA,7
ENSGT00390000007069,Euteleostomi,NT,43
ENSGT00390000007071,Euteleostomi,AA,14
ENSGT00390000007071,Euteleostomi,NT,26
ENSGT00390000007074,Euteleostomi,NT,8
ENSGT00390000007075,Euteleostomi,AA,1
ENSGT00390000007075,Euteleostomi,NT,14
ENSGT00390000007125,Euteleostomi,NT,9
ENSGT00390000007135,Euteleostomi,NT,22
ENSGT00390000007153,Euteleostomi,NT,39
ENSGT00390000007158,Euteleostomi,AA,13
ENSGT00390000007159,Euteleostomi,NT,36
ENSGT00390000007170,Euteleostomi,AA,2
ENSGT00390000007170,Euteleostomi,NT,32
ENSGT00390000007175,Euteleostomi,AA,18
ENSGT00390000007175,Euteleostomi,NT,17
ENSGT00390000007218,Euteleostomi,AA,11
ENSGT00390000007219,Euteleostomi,NT,34
ENSGT00390000007227,Euteleostomi,AA,35
ENSGT00390000007227,Euteleostomi,NT,42
ENSGT00390000007235,Euteleostomi,AA,27
ENSGT00390000007237,Euteleostomi,AA,10
ENSGT00390000007237,Euteleostomi,NT,4
ENSGT00390000007246,Euteleostomi,NT,33
ENSGT00390000007249,Euteleostomi,AA,16
ENSGT00390000007249,Euteleostomi,NT,19
ENSGT00390000007252,Euteleostomi,NT,24
ENSGT00390000007293,Euteleostomi,NT,26
ENSGT00390000007310,Euteleostomi,NT,18
ENSGT00390000007311,Euteleostomi,AA,45
ENSGT00390000007336,Euteleostomi,NT,36
ENSGT00390000007341,Euteleostomi,AA,8
ENSGT00390000007347,Euteleostomi,NT,27
ENSGT00390000007349,Euteleostomi,AA,3
ENSGT00390000007349,Euteleostomi,NT,27
ENSGT00390000007352,Euteleostomi,NT,27
ENSGT00390000007370,Euteleostomi,AA,34
ENSGT00390000007370,Euteleostomi,NT,43
ENSGT00390000007371,Euteleostomi,AA,23
ENSGT00390000007371,Euteleostomi,NT,11
ENSGT00390000007384,Euteleostomi,AA,20
ENSGT00390000007384,Euteleostomi,NT,12
ENSGT00390000007438,Euteleostomi,AA,23
ENSGT00390000007438,Euteleostomi,NT,11
ENSGT00390000007441,Euteleostomi,AA,37
ENSGT00390000007443,Euteleostomi,AA,45
ENSGT00390000007463,Euteleostomi,AA,16
ENSGT00390000007486,Euteleostomi,NT,47
ENSGT00390000007488,Euteleostomi,AA,48
ENSGT00390000007488,Euteleostomi,NT,6
ENSGT00390000007512,Euteleostomi,AA,41
ENSGT00390000007512,Euteleostomi,NT,36
ENSGT00390000007515,Euteleostomi,AA,16
ENSGT00390000007529,Euteleostomi,NT,20
ENSGT00390000007540,Euteleostomi,NT,11
ENSGT00390000007547,Euteleostomi,AA,49
ENSGT00390000007552,Euteleostomi,AA,31
ENSGT00390000007552,Euteleostomi,NT,46
ENSGT00390000007578,Euteleostomi,AA,1
ENSGT00390000007586,Euteleostomi,AA,33
ENSGT00390000007586,Euteleostomi,NT,44
ENSGT00390000007594,Euteleostomi,AA,21
ENSGT00390000007627,Euteleostomi,AA,25
ENSGT00390000007630,Euteleostomi,AA,12
ENSGT00390000007630,Euteleostomi,NT,3
ENSGT00390000007632,Euteleostomi,AA,18
ENSGT00390000007632,Euteleostomi,NT,17
ENSGT00390000007635,Euteleostomi,AA,37
ENSGT00390000007635,Euteleostomi,NT,38
ENSGT00390000007636,Euteleostomi,AA,17
ENSGT00390000007636,Euteleostomi,NT,18
ENSGT00390000007637,Euteleostomi,AA,4
ENSGT00390000007639,Euteleostomi,NT,32
ENSGT00390000007643,Euteleostomi,NT,4
ENSGT00390000007644,Euteleostomi,AA,26
ENSGT00390000007644,Euteleostomi,NT,14
ENSGT00390000007652,Euteleostomi,AA,43
ENSGT00390000007652,Euteleostomi,NT,34
ENSGT00390000007688,Euteleostomi,NT,36
ENSGT00390000007696,Euteleostomi,AA,21
ENSGT00390000007697,Euteleostomi,NT,3
ENSGT00390000007701,Euteleostomi,NT,7
ENSGT00390000007712,Euteleostomi,AA,30
ENSGT00390000007712,Euteleostomi,NT,5
ENSGT00390000007723,Euteleostomi,AA,29
ENSGT00390000007723,Euteleostomi,NT,26
ENSGT00390000007726,Euteleostomi,NT,46
ENSGT00390000007731,Euteleostomi,AA,43
ENSGT00390000007731,Euteleostomi,NT,34
ENSGT00390000007746,Euteleostomi,AA,12
ENSGT00390000007746,Euteleostomi,NT,7
ENSGT00390000007747,Euteleostomi,AA,38
ENSGT00390000007772,Euteleostomi,AA,8
ENSGT00390000007772,Euteleostomi,NT,21
ENSGT00390000007792,Euteleostomi,AA,8
ENSGT00390000007792,Euteleostomi,NT,22
ENSGT00390000007797,Euteleostomi,AA,35
ENSGT00390000007797,Euteleostomi,NT,42
ENSGT00390000007799,Euteleostomi,NT,42
ENSGT00390000007813,Euteleostomi,AA,36
ENSGT00390000007823,Euteleostomi,AA,40
ENSGT00390000007823,Euteleostomi,NT,2
ENSGT00390000007830,Euteleostomi,NT,32
ENSGT00390000007831,Euteleostomi,AA,17
ENSGT00390000007831,Euteleostomi,NT,18
ENSGT00390000007832,Euteleostomi,NT,38
ENSGT00390000007846,Euteleostomi,NT,31
ENSGT00390000007870,Euteleostomi,AA,7
ENSGT00390000007870,Euteleostomi,NT,42
ENSGT00390000007874,Euteleostomi,AA,42
ENSGT00390000007885,Euteleostomi,NT,39
ENSGT00390000007888,Euteleostomi,AA,16
ENSGT00390000007899,Euteleostomi,AA,24
ENSGT00390000007899,Euteleostomi,NT,16
ENSGT00390000007919,Euteleostomi,AA,42
ENSGT00390000007919,Euteleostomi,NT,35
ENSGT00390000007959,Euteleostomi,AA,32
ENSGT00390000007959,Euteleostomi,NT,45
ENSGT00390000007968,Euteleostomi,AA,3
ENSGT00390000007989,Euteleostomi,NT,30
ENSGT00390000007991,Euteleostomi,AA,22
ENSGT00390000007991,Euteleostomi,NT,10
ENSGT00390000007999,Euteleostomi,NT,28
ENSGT00390000008002,Euteleostomi,AA,39
ENSGT00390000008006,Euteleostomi,NT,39
ENSGT00390000008021,Euteleostomi,NT,45
ENSGT00390000008046,Euteleostomi,NT,49
ENSGT00390000008062,Euteleostomi,AA,27
ENSGT00390000008062,Euteleostomi,NT,28
ENSGT00390000008072,Euteleostomi,AA,47
ENSGT00390000008072,Euteleostomi,NT,30
ENSGT00390000008092,Euteleostomi,AA,44
ENSGT00390000008092,Euteleostomi,NT,33
ENSGT00390000008117,Euteleostomi,NT,35
ENSGT00390000008128,Euteleostomi,NT,8
ENSGT00390000008158,Euteleostomi,NT,17
ENSGT00390000008162,Euteleostomi,NT,16
ENSGT00390000008164,Euteleostomi,NT,13
ENSGT00390000008173,Euteleostomi,AA,16
ENSGT00390000008173,Euteleostomi,NT,19
ENSGT00390000008178,Euteleostomi,AA,33
ENSGT00390000008187,Euteleostomi,NT,3
ENSGT00390000008198,Euteleostomi,AA,30
ENSGT00390000008198,Euteleostomi,NT,47
ENSGT00390000008201,Euteleostomi,AA,10
ENSGT00390000008201,Euteleostomi,NT,6
ENSGT00390000008202,Euteleostomi,AA,48
ENSGT00390000008202,Euteleostomi,NT,47
ENSGT00390000008206,Euteleostomi,NT,9
ENSGT00390000008212,Euteleostomi,AA,15
ENSGT00390000008217,Euteleostomi,NT,47
ENSGT00390000008220,Euteleostomi,NT,23
ENSGT00390000008221,Euteleostomi,AA,43
ENSGT00390000008232,Euteleostomi,NT,31
ENSGT00390000008250,Euteleostomi,NT,25
ENSGT00390000008264,Euteleostomi,AA,16
ENSGT00390000008264,Euteleostomi,NT,19
ENSGT00390000008279,Euteleostomi,AA,13
ENSGT00390000008281,Euteleostomi,NT,3
ENSGT00390000008296,Euteleostomi,NT,35
ENSGT00390000008314,Euteleostomi,AA,13
ENSGT00390000008314,Euteleostomi,NT,21
ENSGT00390000008326,Euteleostomi,AA,17
ENSGT00390000008327,Euteleostomi,AA,45
ENSGT00390000008327,Euteleostomi,NT,32
ENSGT00390000008330,Euteleostomi,AA,37
ENSGT00390000008330,Euteleostomi,NT,2
ENSGT00390000008335,Euteleostomi,AA,12
ENSGT00390000008341,Euteleostomi,AA,26
ENSGT00390000008341,Euteleostomi,NT,14
ENSGT00390000008346,Euteleostomi,NT,43
ENSGT00390000008360,Euteleostomi,AA,27
ENSGT00390000008374,Euteleostomi,NT,47
ENSGT00390000008403,Euteleostomi,NT,31
ENSGT00390000008408,Euteleostomi,NT,14
ENSGT00390000008414,Euteleostomi,AA,34
ENSGT00390000008432,Euteleostomi,NT,28
ENSGT00390000008438,Euteleostomi,NT,27
ENSGT00390000008446,Euteleostomi,AA,13
ENSGT00390000008446,Euteleostomi,NT,21
ENSGT00390000008458,Euteleostomi,AA,36
ENSGT00390000008458,Euteleostomi,NT,39
ENSGT00390000008459,Euteleostomi,NT,13
ENSGT00390000008527,Euteleostomi,NT,16
ENSGT00390000008538,Euteleostomi,AA,16
ENSGT00390000008540,Euteleostomi,AA,28
ENSGT00390000008549,Euteleostomi,AA,42
ENSGT00390000008549,Euteleostomi,NT,4
ENSGT00390000008557,Euteleostomi,NT,10
ENSGT00390000008565,Euteleostomi,AA,26
ENSGT00390000008582,Euteleostomi,NT,40
ENSGT00390000008621,Euteleostomi,AA,16
ENSGT00390000008621,Euteleostomi,NT,24
ENSGT00390000008642,Euteleostomi,NT,27
ENSGT00390000008647,Euteleostomi,NT,47
ENSGT00390000008649,Euteleostomi,AA,30
ENSGT00390000008649,Euteleostomi,NT,47
ENSGT00390000008658,Euteleostomi,NT,48
ENSGT00390000008678,Euteleostomi,AA,29
ENSGT00390000008678,Euteleostomi,NT,26
ENSGT00390000008702,Euteleostomi,NT,3
ENSGT00390000008711,Euteleostomi,AA,26
ENSGT00390000008711,Euteleostomi,NT,1
ENSGT00390000008738,Euteleostomi,NT,10
ENSGT00390000008748,Euteleostomi,AA,19
ENSGT00390000008756,Euteleostomi,NT,1
ENSGT00390000008765,Euteleostomi,NT,9
ENSGT00390000008787,Euteleostomi,AA,26
ENSGT00390000008805,Euteleostomi,AA,20
ENSGT00390000008831,Euteleostomi,AA,21
ENSGT00390000008831,Euteleostomi,NT,13
ENSGT00390000008837,Euteleostomi,NT,16
ENSGT00390000008856,Euteleostomi,NT,22
ENSGT00390000008859,Euteleostomi,NT,35
ENSGT00390000008865,Euteleostomi,NT,31
ENSGT00390000008881,Euteleostomi,AA,32
ENSGT00390000008902,Euteleostomi,AA,49
ENSGT00390000008902,Euteleostomi,NT,46
ENSGT00390000008908,Euteleostomi,AA,46
ENSGT00390000008926,Euteleostomi,NT,27
ENSGT00390000008931,Euteleostomi,NT,10
ENSGT00390000008961,Euteleostomi,NT,45
ENSGT00390000008983,Euteleostomi,AA,43
ENSGT00390000008983,Euteleostomi,NT,34
ENSGT00390000008991,Euteleostomi,AA,29
ENSGT00390000008991,Euteleostomi,NT,7
ENSGT00390000008994,Euteleostomi,AA,49
ENSGT00390000008994,Euteleostomi,NT,46
ENSGT00390000009001,Euteleostomi,NT,21
ENSGT00390000009008,Euteleostomi,AA,44
ENSGT00390000009008,Euteleostomi,NT,33
ENSGT00390000009019,Euteleostomi,AA,33
ENSGT00390000009019,Euteleostomi,NT,44
ENSGT00390000009036,Euteleostomi,AA,32
ENSGT00390000009042,Euteleostomi,NT,9
ENSGT00390000009045,Euteleostomi,AA,14
ENSGT00390000009045,Euteleostomi,NT,6
ENSGT00390000009109,Euteleostomi,NT,27
ENSGT00390000009163,Euteleostomi,NT,36
ENSGT00390000009178,Euteleostomi,AA,41
ENSGT00390000009194,Euteleostomi,AA,48
ENSGT00390000009194,Euteleostomi,NT,47
ENSGT00390000009212,Euteleostomi,NT,7
ENSGT00390000009222,Euteleostomi,AA,11
ENSGT00390000009222,Euteleostomi,NT,23
ENSGT00390000009225,Euteleostomi,AA,46
ENSGT00390000009232,Euteleostomi,AA,5
ENSGT00390000009232,Euteleostomi,NT,43
ENSGT00390000009255,Euteleostomi,AA,38
ENSGT00390000009255,Euteleostomi,NT,7
ENSGT00390000009258,Euteleostomi,NT,17
ENSGT00390000009262,Euteleostomi,AA,24
ENSGT00390000009262,Euteleostomi,NT,16
ENSGT00390000009278,Euteleostomi,AA,33
ENSGT00390000009278,Euteleostomi,NT,44
ENSGT00390000009298,Euteleostomi,AA,30
ENSGT00390000009298,Euteleostomi,NT,47
ENSGT00390000009302,Euteleostomi,AA,39
ENSGT00390000009302,Euteleostomi,NT,36
ENSGT00390000009310,Euteleostomi,AA,3
ENSGT00390000009310,Euteleostomi,NT,24
ENSGT00390000009313,Euteleostomi,AA,36
ENSGT00390000009313,Euteleostomi,NT,41
ENSGT00390000009327,Euteleostomi,AA,37
ENSGT00390000009328,Euteleostomi,AA,20
ENSGT00390000009329,Euteleostomi,NT,38
ENSGT00390000009349,Euteleostomi,AA,29
ENSGT00390000009361,Euteleostomi,AA,42
ENSGT00390000009371,Euteleostomi,NT,10
ENSGT00390000009391,Euteleostomi,AA,7
ENSGT00390000009400,Euteleostomi,AA,29
ENSGT00390000009400,Euteleostomi,NT,26
ENSGT00390000009415,Euteleostomi,AA,14
ENSGT00390000009426,Euteleostomi,NT,35
ENSGT00390000009448,Euteleostomi,AA,19
ENSGT00390000009466,Euteleostomi,AA,32
ENSGT00390000009477,Euteleostomi,NT,7
ENSGT00390000009481,Euteleostomi,NT,11
ENSGT00390000009484,Euteleostomi,AA,43
ENSGT00390000009484,Euteleostomi,NT,34
ENSGT00390000009488,Euteleostomi,AA,31
ENSGT00390000009488,Euteleostomi,NT,46
ENSGT00390000009492,Euteleostomi,AA,26
ENSGT00390000009492,Euteleostomi,NT,29
ENSGT00390000009532,Euteleostomi,AA,13
ENSGT00390000009546,Euteleostomi,AA,27
ENSGT00390000009546,Euteleostomi,NT,3
ENSGT00390000009554,Euteleostomi,AA,8
ENSGT00390000009554,Euteleostomi,NT,42
ENSGT00390000009571,Euteleostomi,AA,43
ENSGT00390000009571,Euteleostomi,NT,34
ENSGT00390000009578,Euteleostomi,NT,26
ENSGT00390000009627,Euteleostomi,NT,16
ENSGT00390000009628,Euteleostomi,AA,33
ENSGT00390000009630,Euteleostomi,AA,13
ENSGT00390000009630,Euteleostomi,NT,21
ENSGT00390000009662,Euteleostomi,AA,34
ENSGT00390000009688,Euteleostomi,AA,40
ENSGT00390000009714,Euteleostomi,AA,34
ENSGT00390000009739,Euteleostomi,AA,47
ENSGT00390000009739,Euteleostomi,NT,48
ENSGT00390000009741,Euteleostomi,NT,33
PF00148,PANDIT,AA,36
PF00148,PANDIT,NT,41
PF00229,PANDIT,NT,10
PF00273,PANDIT,NT,26
PF00278,PANDIT,AA,42
PF00278,PANDIT,NT,5
PF00324,PANDIT,AA,18
PF00324,PANDIT,NT,8
PF00326,PANDIT,NT,22
PF00339,PANDIT,NT,18
PF00425,PANDIT,AA,37
PF00425,PANDIT,NT,38
PF00483,PANDIT,NT,25
PF00487,PANDIT,AA,21
PF00487,PANDIT,NT,13
PF00504,PANDIT,AA,40
PF00504,PANDIT,NT,37
PF00529,PANDIT,AA,4
PF00529,PANDIT,NT,14
PF00534,PANDIT,AA,14
PF00534,PANDIT,NT,1
PF00555,PANDIT,AA,20
PF00555,PANDIT,NT,12
PF00578,PANDIT,AA,46
PF00578,PANDIT,NT,49
PF00588,PANDIT,NT,21
PF00591,PANDIT,AA,17
PF00591,PANDIT,NT,25
PF00637,PANDIT,NT,25
PF00644,PANDIT,AA,34
PF00644,PANDIT,NT,43
PF00654,PANDIT,AA,16
PF00688,PANDIT,AA,33
PF00688,PANDIT,NT,44
PF00697,PANDIT,AA,34
PF00697,PANDIT,NT,43
PF00722,PANDIT,NT,48
PF00771,PANDIT,NT,20
PF00792,PANDIT,AA,8
PF00792,PANDIT,NT,31
PF00793,PANDIT,NT,27
PF00809,PANDIT,NT,45
PF00863,PANDIT,AA,15
PF00875,PANDIT,AA,8
PF00875,PANDIT,NT,43
PF00881,PANDIT,NT,20
PF00891,PANDIT,AA,30
PF00899,PANDIT,AA,45
PF00899,PANDIT,NT,32
PF00909,PANDIT,AA,18
PF00909,PANDIT,NT,17
PF00933,PANDIT,NT,46
PF01019,PANDIT,NT,32
PF01028,PANDIT,AA,42
PF01028,PANDIT,NT,1
PF01032,PANDIT,NT,12
PF01043,PANDIT,AA,36
PF01043,PANDIT,NT,41
PF01051,PANDIT,NT,13
PF01103,PANDIT,AA,30
PF01103,PANDIT,NT,7
PF01136,PANDIT,NT,33
PF01138,PANDIT,AA,32
PF01138,PANDIT,NT,45
PF01144,PANDIT,NT,43
PF01163,PANDIT,NT,4
PF01244,PANDIT,NT,3
PF01263,PANDIT,NT,45
PF01284,PANDIT,AA,28
PF01284,PANDIT,NT,5
PF01298,PANDIT,NT,46
PF01323,PANDIT,AA,34
PF01431,PANDIT,AA,27
PF01432,PANDIT,NT,36
PF01441,PANDIT,AA,27
PF01441,PANDIT,NT,15
PF01446,PANDIT,AA,32
PF01446,PANDIT,NT,45
PF01475,PANDIT,AA,45
PF01493,PANDIT,AA,49
PF01493,PANDIT,NT,46
PF01522,PANDIT,AA,31
PF01544,PANDIT,NT,3
PF01553,PANDIT,AA,27
PF01553,PANDIT,NT,15
PF01554,PANDIT,NT,45
PF01562,PANDIT,AA,20
PF01575,PANDIT,AA,1
PF01577,PANDIT,AA,22
PF01577,PANDIT,NT,10
PF01584,PANDIT,NT,5
PF01637,PANDIT,NT,21
PF01676,PANDIT,NT,26
PF01750,PANDIT,AA,33
PF01750,PANDIT,NT,44
PF01756,PANDIT,AA,48
PF01756,PANDIT,NT,47
PF01794,PANDIT,AA,39
PF01794,PANDIT,NT,36
PF01796,PANDIT,AA,31
PF01796,PANDIT,NT,46
PF01856,PANDIT,AA,20
PF01856,PANDIT,NT,12
PF01904,PANDIT,NT,46
PF01908,PANDIT,NT,38
PF01925,PANDIT,AA,29
PF01925,PANDIT,NT,26
PF01943,PANDIT,NT,42
PF01957,PANDIT,NT,3
PF01988,PANDIT,AA,3
PF02018,PANDIT,AA,28
PF02018,PANDIT,NT,27
PF02136,PANDIT,NT,30
PF02221,PANDIT,NT,27
PF02310,PANDIT,NT,37
PF02311,PANDIT,AA,13
PF02311,PANDIT,NT,21
PF02371,PANDIT,NT,2
PF02373,PANDIT,AA,9
PF02373,PANDIT,NT,36
PF02386,PANDIT,AA,34
PF02386,PANDIT,NT,43
PF02413,PANDIT,NT,10
PF02421,PANDIT,AA,43
PF02421,PANDIT,NT,34
PF02463,PANDIT,AA,22
PF02463,PANDIT,NT,10
PF02466,PANDIT,AA,2
PF02466,PANDIT,NT,30
PF02585,PANDIT,AA,4
PF02598,PANDIT,NT,39
PF02618,PANDIT,AA,43
PF02618,PANDIT,NT,34
PF02620,PANDIT,AA,27
PF02661,PANDIT,AA,20
PF02661,PANDIT,NT,12
PF02690,PANDIT,AA,26
PF02690,PANDIT,NT,29
PF02719,PANDIT,NT,35
PF02734,PANDIT,NT,16
PF02735,PANDIT,NT,45
PF02780,PANDIT,NT,21
PF02847,PANDIT,NT,18
PF02854,PANDIT,AA,16
PF02854,PANDIT,NT,19
PF02878,PANDIT,AA,23
PF02878,PANDIT,NT,11
PF02897,PANDIT,AA,34
PF02897,PANDIT,NT,43
PF02900,PANDIT,AA,41
PF02900,PANDIT,NT,36
PF02915,PANDIT,AA,43
PF02915,PANDIT,NT,34
PF03011,PANDIT,AA,37
PF03016,PANDIT,AA,22
PF03104,PANDIT,NT,10
PF03105,PANDIT,AA,34
PF03109,PANDIT,AA,32
PF03109,PANDIT,NT,45
PF03237,PANDIT,AA,48
PF03237,PANDIT,NT,47
PF03357,PANDIT,AA,40
PF03435,PANDIT,AA,16
PF03441,PANDIT,AA,20
PF03447,PANDIT,AA,9
PF03447,PANDIT,NT,11
PF03453,PANDIT,AA,37
PF03453,PANDIT,NT,40
PF03472,PANDIT,AA,12
PF03472,PANDIT,NT,2
PF03479,PANDIT,AA,44
PF03479,PANDIT,NT,33
PF03480,PANDIT,NT,38
PF03486,PANDIT,NT,43
PF03514,PANDIT,AA,19
PF03514,PANDIT,NT,16
PF03547,PANDIT,AA,34
PF03553,PANDIT,AA,9
PF03553,PANDIT,NT,1
PF03559,PANDIT,AA,25
PF03600,PANDIT,NT,22
PF03602,PANDIT,AA,25
PF03602,PANDIT,NT,17
PF03641,PANDIT,NT,5
PF03704,PANDIT,AA,49
PF03721,PANDIT,NT,10
PF03734,PANDIT,AA,20
PF03734,PANDIT,NT,12
PF03767,PANDIT,NT,47
PF03787,PANDIT,AA,47
PF03787,PANDIT,NT,48
PF03816,PANDIT,AA,36
PF03853,PANDIT,AA,42
PF03853,PANDIT,NT,35
PF03928,PANDIT,AA,46
PF03928,PANDIT,NT,31
PF03936,PANDIT,AA,12
PF03936,PANDIT,NT,20
PF03944,PANDIT,AA,27
PF03945,PANDIT,AA,31
PF03945,PANDIT,NT,46
PF03960,PANDIT,NT,9
PF03965,PANDIT,AA,47
PF03965,PANDIT,NT,48
PF04058,PANDIT,AA,26
PF04069,PANDIT,NT,13
PF04073,PANDIT,NT,3
PF04198,PANDIT,NT,47
PF04199,PANDIT,AA,26
PF04264,PANDIT,AA,43
PF04264,PANDIT,NT,34
PF04290,PANDIT,AA,20
PF04435,PANDIT,NT,47
PF04464,PANDIT,AA,15
PF04536,PANDIT,NT,36
PF04546,PANDIT,AA,6
PF04546,PANDIT,NT,36
PF04851,PANDIT,NT,26
PF04857,PANDIT,AA,17
PF04857,PANDIT,NT,18
PF04860,PANDIT,AA,13
PF04860,PANDIT,NT,21
PF04865,PANDIT,AA,7
PF04865,PANDIT,NT,44
PF04909,PANDIT,NT,32
PF04954,PANDIT,AA,23
PF04954,PANDIT,NT,11
PF05065,PANDIT,AA,23
PF05065,PANDIT,NT,8
PF05159,PANDIT,AA,23
PF05159,PANDIT,NT,11
PF05201,PANDIT,NT,32
PF05222,PANDIT,NT,22
PF05227,PANDIT,NT,47
PF05257,PANDIT,AA,48
PF05257,PANDIT,NT,47
PF05368,PANDIT,NT,2
PF05378,PANDIT,AA,31
PF05378,PANDIT,NT,46
PF05524,PANDIT,AA,17
PF05524,PANDIT,NT,25
PF05649,PANDIT,NT,37
PF05681,PANDIT,AA,34
PF05681,PANDIT,NT,43
PF05692,PANDIT,AA,35
PF05860,PANDIT,AA,17
PF05860,PANDIT,NT,25
PF05932,PANDIT,AA,43
PF05932,PANDIT,NT,34
PF05942,PANDIT,AA,43
PF05942,PANDIT,NT,34
PF06017,PANDIT,NT,27
PF06114,PANDIT,AA,3
PF06114,PANDIT,NT,13
PF06144,PANDIT,NT,20
PF06271,PANDIT,AA,46
PF06271,PANDIT,NT,49
PF06508,PANDIT,NT,13
PF06733,PANDIT,AA,29
PF06733,PANDIT,NT,26
PF06738,PANDIT,AA,42
PF06738,PANDIT,NT,35
PF06742,PANDIT,NT,48
PF06761,PANDIT,AA,12
PF06826,PANDIT,NT,34
PF06863,PANDIT,AA,7
PF06863,PANDIT,NT,38
PF06964,PANDIT,AA,6
PF06964,PANDIT,NT,42
PF06983,PANDIT,AA,12
PF06983,PANDIT,NT,20
PF07195,PANDIT,NT,11
PF07228,PANDIT,NT,20
PF07486,PANDIT,AA,11
PF07500,PANDIT,NT,27
PF07517,PANDIT,NT,10
PF07559,PANDIT,AA,45
PF07559,PANDIT,NT,32
PF07583,PANDIT,AA,26
PF07587,PANDIT,AA,9
PF07596,PANDIT,NT,3
PF07662,PANDIT,AA,22
PF07662,PANDIT,NT,10
PF07691,PANDIT,AA,4
PF07691,PANDIT,NT,23
PF07695,PANDIT,AA,27
PF07695,PANDIT,NT,15
PF07698,PANDIT,AA,37
PF07722,PANDIT,AA,24
PF07722,PANDIT,NT,16
PF07739,PANDIT,AA,28
PF07739,PANDIT,NT,27
PF07852,PANDIT,AA,34
PF07852,PANDIT,NT,43
PF07884,PANDIT,AA,14
PF07884,PANDIT,NT,26
PF07898,PANDIT,NT,47
PF07940,PANDIT,AA,34
PF07970,PANDIT,AA,18
PF07970,PANDIT,NT,17
PF07980,PANDIT,AA,35
PF07980,PANDIT,NT,42
PF08028,PANDIT,AA,27
PF08148,PANDIT,AA,12
PF08148,PANDIT,NT,20
